clase,carpeta,archivo,mano,ax,ay,bx,by
fractura,fractura,001_347032201701160519_front.jpg,abajo,3.3,8.1,5.2,8.0
fractura,fractura,001_347032201701160519_side.jpg,abajo,4.3,8.0,5.8,8.0
fractura,fractura,002_270133201503210573_front.jpg,abajo,4.3,6.9,6.9,6.8
fractura,fractura,002_270133201503210573_side.jpg,abajo,5.6,7.9,6.7,7.8
fractura,fractura,003_345780201701070006_front.jpg,abajo,3.9,8.0,6.6,7.9
fractura,fractura,003_345780201701070006_side.jpg,abajo,6.3,8.4,7.9,8.3
fractura,fractura,004_376010201709120413_front.jpg,abajo,3.4,8.1,5.5,8.0
fractura,fractura,004_376010201709120413_side.jpg,abajo,4.3,8.0,5.9,7.9
fractura,fractura,005_215049201310160308_front.jpg,abajo,5.3,7.1,7.1,7.0
fractura,fractura,005_215049201310160308_side.jpg,abajo,4.7,7.6,6.0,7.7
fractura,fractura,006_603331202210190535_front.jpg,abajo,3.8,8.4,7.1,8.4
fractura,fractura,006_603331202210190535_side.jpg,abajo,4.5,8.6,6.3,8.6
fractura,fractura,007_466376201907130679_front.jpg,abajo,4.5,8.4,2.6,7.6
fractura,fractura,007_466376201907130679_side.jpg,abajo,5.3,7.8,6.9,7.7
fractura,fractura,008_409515201805230858_front.jpg,abajo,4.6,7.5,6.8,7.7
fractura,fractura,008_409515201805230858_side.jpg,abajo,5.4,7.6,6.5,7.6
fractura,fractura,009_241443201407110007_front.jpg,abajo,5.9,7.8,4.6,8.3
fractura,fractura,009_241443201407110007_side.jpg,abajo,3.2,7.3,4.4,7.0
fractura,fractura,010_590963202207130668_front.jpg,abajo,3.8,8.2,6.5,8.2
fractura,fractura,010_590963202207130668_side.jpg,abajo,4.5,8.5,5.6,8.5
fractura,fractura,011_331024201608280459_front.jpg,abajo,1.8,7.6,4.2,7.8
fractura,fractura,011_331024201608280459_side.jpg,abajo,5.6,8.8,6.6,8.5
fractura,fractura,012_418543201807251042_front.jpg,abajo,3.2,8.6,5.5,8.6
fractura,fractura,012_418543201807251042_side.jpg,abajo,5.2,8.5,6.6,8.5
fractura,fractura,013_337652201610260008_front.jpg,arriba,5.7,2.1,7.6,2.4
fractura,fractura,013_337652201610260008_side.jpg,arriba,3.4,3.5,4.3,3.2
fractura,fractura,014_238716201406170447_front.jpg,arriba,6.0,3.1,7.6,3.3
fractura,fractura,014_238716201406170447_side.jpg,abajo,4.8,6.5,5.9,6.5
fractura,fractura,015_305576201601210420_front.jpg,abajo,4.5,8.4,5.8,8.5
fractura,fractura,015_305576201601210420_side.jpg,izq,2.4,5.5,2.4,6.4
fractura,fractura,016_301121201512120113_front.jpg,arriba,4.1,1.4,6.9,1.5
fractura,fractura,016_301121201512120113_side.jpg,arriba,3.1,1.3,4.7,1.3
fractura,fractura,017_349296201702090434_front.jpg,abajo,3.3,8.0,5.4,8.1
fractura,fractura,017_349296201702090434_side.jpg,abajo,7.2,7.7,8.0,7.3
fractura,fractura,018_613188202301130085_front.jpg,abajo,3.9,7.9,6.5,8.0
fractura,fractura,018_613188202301130085_side.jpg,abajo,5.8,7.9,6.9,7.9
fractura,fractura,019_629190202305170781_front.jpg,abajo,3.5,8.5,5.7,8.3
fractura,fractura,019_629190202305170781_side.jpg,abajo,4.4,8.1,5.8,8.1
fractura,fractura,020_239015201406200374_front.jpg,abajo,4.1,6.0,5.4,6.0
fractura,fractura,020_239015201406200374_side.jpg,arriba,5.4,4.1,6.3,4.1
fractura,fractura,021_161236202104070221_front.jpg,abajo,3.1,8.8,5.2,8.9
fractura,fractura,021_161236202104070221_side.jpg,abajo,3.5,8.6,4.8,8.6
fractura,fractura,022_509835202008150005_front.jpg,abajo,4.8,7.8,7.2,7.6
fractura,fractura,022_509835202008150005_side.jpg,abajo,2.9,8.2,4.0,8.5
fractura,fractura,023_406589201805020851_front.jpg,abajo,2.9,7.3,4.8,7.4
fractura,fractura,023_406589201805020851_side.jpg,abajo,5.4,8.8,6.7,8.8
fractura,fractura,024_357005201704170368_front.jpg,arriba,3.3,4.4,4.1,3.9
fractura,fractura,024_357005201704170368_side.jpg,abajo,3.5,7.5,4.5,7.5
fractura,fractura,025_422587201909220706_side.jpg,abajo,2.8,7.0,4.0,7.0
fractura,fractura,026_628141202305120213_front.jpg,abajo,3.0,7.9,5.0,8.0
fractura,fractura,026_628141202305120213_side.jpg,abajo,4.9,7.9,5.9,7.8
fractura,fractura,027_485044201911180671_front.jpg,abajo,3.4,7.1,4.5,7.3
fractura,fractura,027_485044201911180671_side.jpg,abajo,4.5,7.2,5.5,7.2
fractura,fractura,028_241863201407130555_front.jpg,abajo,4.5,7.0,5.9,6.9
fractura,fractura,028_241863201407130555_side.jpg,abajo,3.5,7.2,4.1,7.8
fractura,fractura,029_291076201509110404_front.jpg,abajo,4.3,8.0,5.7,8.0
fractura,fractura,029_291076201509110404_side.jpg,abajo,3.5,7.6,4.3,7.6
fractura,fractura,030_561514202110260509_front.jpg,abajo,3.6,8.6,6.7,8.6
fractura,fractura,030_561514202110260509_side.jpg,abajo,2.4,8.4,4.1,8.3
fractura,fractura,031_270953201503290003_front.jpg,izq,2.2,5.1,2.3,3.4
fractura,fractura,031_270953201503290003_side.jpg,izq,3.8,3.2,3.6,4.0
fractura,fractura,032_616100202302150004_front.jpg,abajo,8.1,7.7,6.6,8.6
fractura,fractura,032_616100202302150004_side.jpg,abajo,4.2,8.3,5.6,8.3
fractura,fractura,033_611258202212240371_front.jpg,abajo,4.9,8.1,6.7,8.0
fractura,fractura,033_611258202212240371_side.jpg,abajo,4.1,8.1,5.2,8.0
fractura,fractura,034_653818202310210009_front.jpg,abajo,4.5,8.1,2.5,7.8
fractura,fractura,034_653818202310210009_side.jpg,abajo,3.9,8.0,5.1,8.0
fractura,fractura,035_472752201908220330_front.jpg,abajo,3.4,7.2,4.2,8.3
fractura,fractura,035_472752201908220330_side.jpg,abajo,3.8,7.4,5.2,7.4
fractura,fractura,036_548570202107180786_front.jpg,abajo,4.0,8.4,2.6,8.0
fractura,fractura,036_548570202107180786_side.jpg,abajo,4.2,8.2,5.3,8.1
fractura,fractura,037_579595202204190163_front.jpg,abajo,4.0,8.0,6.3,8.0
fractura,fractura,037_579595202204190163_side.jpg,abajo,4.2,8.4,5.4,8.4
fractura,fractura,038_417192202308020005_front.jpg,abajo,5.9,8.0,3.6,8.0
fractura,fractura,038_417192202308020005_side.jpg,abajo,3.6,8.0,4.8,8.2
fractura,fractura,039_675704202403250822_front.jpg,abajo,3.6,8.1,6.2,8.3
fractura,fractura,039_675704202403250822_side.jpg,abajo,6.4,9.3,7.9,8.8
fractura,fractura,040_324726202105230646_front.jpg,abajo,5.3,8.7,6.6,8.4
fractura,fractura,040_324726202105230646_side.jpg,abajo,3.1,8.3,4.4,8.2
fractura,fractura,041_384716201711150859_front.jpg,abajo,5.0,8.0,5.6,7.8
fractura,fractura,041_384716201711150859_side.jpg,abajo,3.2,8.0,4.2,8.5
fractura,fractura,042_477724202101160447_front.jpg,abajo,3.9,7.5,6.8,7.4
fractura,fractura,042_477724202101160447_side.jpg,abajo,2.8,6.8,3.3,7.2
fractura,fractura,043_609214202212050504_front.jpg,abajo,5.5,8.8,7.3,8.6
fractura,fractura,043_609214202212050504_side.jpg,abajo,4.2,8.1,5.5,8.1
fractura,fractura,044_624445202304160005_front.jpg,abajo,7.2,7.4,5.6,7.6
fractura,fractura,044_624445202304160005_side.jpg,abajo,6.6,8.6,7.9,8.5
fractura,fractura,045_415174201807040811_front.jpg,abajo,4.1,7.1,1.9,7.0
fractura,fractura,045_415174201807040811_side.jpg,arriba,3.6,3.2,4.4,3.1
fractura,fractura,046_500534202005180001_front.jpg,abajo,5.4,7.2,3.3,7.1
fractura,fractura,046_500534202005180001_side.jpg,abajo,5.5,7.7,6.5,7.4
fractura,fractura,047_377252201709200827_front.jpg,abajo,1.4,8.6,3.1,9.5
fractura,fractura,047_377252201709200827_side.jpg,abajo,3.3,8.4,4.7,8.5
fractura,fractura,048_496274202003250008_front.jpg,abajo,1.7,7.6,3.3,8.4
fractura,fractura,048_496274202003250008_side.jpg,abajo,5.7,8.9,6.6,8.7
fractura,fractura,049_580258202204230182_front.jpg,abajo,6.1,8.3,3.3,8.2
fractura,fractura,049_580258202204230182_side.jpg,abajo,4.6,8.1,5.8,8.0
fractura,fractura,050_409962201805270875_front.jpg,abajo,4.0,8.4,6.0,8.4
fractura,fractura,050_409962201805270875_side.jpg,abajo,2.3,7.3,4.0,7.5
fractura,fractura,051_208124201307200248_front.jpg,abajo,3.3,7.5,4.6,8.2
fractura,fractura,051_208124201307200248_side.jpg,abajo,4.5,7.7,5.2,7.6
fractura,fractura,052_536344202104090246_front.jpg,abajo,5.3,9.2,3.7,9.2
fractura,fractura,052_536344202104090246_side.jpg,abajo,5.4,8.5,6.7,8.4
fractura,fractura,053_520396202011160653_front.jpg,abajo,2.0,7.7,4.3,8.3
fractura,fractura,053_520396202011160653_side.jpg,abajo,1.9,7.7,2.8,8.0
fractura,fractura,054_383960201711100749_front.jpg,abajo,4.8,7.7,3.4,7.5
fractura,fractura,054_383960201711100749_side.jpg,abajo,5.0,8.1,6.5,8.0
fractura,fractura,055_575006202202220551_front.jpg,abajo,5.1,7.6,2.6,7.5
fractura,fractura,055_575006202202220551_side.jpg,abajo,5.1,7.4,6.6,7.5
fractura,fractura,056_415180201807050011_front.jpg,arriba,3.5,2.4,5.6,2.3
fractura,fractura,056_415180201807050011_side.jpg,abajo,6.3,8.2,7.3,8.1
fractura,fractura,057_517657202010220559_front.jpg,abajo,7.3,8.7,8.3,8.0
fractura,fractura,057_517657202010220559_side.jpg,abajo,5.1,8.7,5.8,8.4
fractura,fractura,058_480479201910160681_front.jpg,abajo,4.8,7.3,6.9,7.0
fractura,fractura,058_480479201910160681_side.jpg,abajo,2.9,6.8,3.8,6.7
fractura,fractura,059_347953201701240385_front.jpg,izq,2.2,7.2,3.1,8.4
fractura,fractura,059_347953201701240385_side.jpg,abajo,3.6,6.5,4.8,6.6
fractura,fractura,060_443633202206010556_front.jpg,abajo,4.6,8.0,6.6,7.8
fractura,fractura,060_443633202206010556_side.jpg,abajo,4.5,8.1,6.2,8.1
fractura,fractura,061_380115201710130617_front.jpg,abajo,3.5,8.2,5.7,8.2
fractura,fractura,061_380115201710130617_side.jpg,abajo,3.6,7.8,4.6,7.8
fractura,fractura,062_195491201301080355_front.jpg,arriba,6.8,3.9,5.3,3.5
fractura,fractura,062_195491201301080355_side.jpg,arriba,4.2,3.9,5.3,3.8
fractura,fractura,063_333346202210070003_front.jpg,abajo,4.7,7.3,6.6,7.2
fractura,fractura,063_333346202210070003_side.jpg,abajo,3.2,7.2,3.7,7.6
fractura,fractura,064_534450202103220650_front.jpg,abajo,4.6,8.1,6.9,8.2
fractura,fractura,064_534450202103220650_side.jpg,abajo,2.4,8.0,3.4,8.1
fractura,fractura,065_257968201411240436_front.jpg,abajo,6.6,7.3,7.9,7.0
fractura,fractura,065_257968201411240436_side.jpg,abajo,4.5,6.0,5.0,5.8
fractura,fractura,066_293499201510030369_front.jpg,abajo,4.1,7.8,5.3,8.1
fractura,fractura,066_293499201510030369_side.jpg,abajo,4.2,7.6,5.1,7.8
fractura,fractura,067_478555201910030383_front.jpg,abajo,4.8,7.7,2.6,7.7
fractura,fractura,067_478555201910030383_side.jpg,abajo,4.5,8.1,5.7,8.2
fractura,fractura,068_249972201409140295_front.jpg,abajo,2.1,7.5,3.7,8.1
fractura,fractura,068_249972201409140295_side.jpg,der,6.8,3.0,7.0,3.5
fractura,fractura,069_244614201408020213_front.jpg,abajo,6.9,6.2,6.0,6.9
fractura,fractura,069_244614201408020213_side.jpg,abajo,2.8,6.6,3.7,6.6
fractura,fractura,070_488350201912140002_front.jpg,abajo,2.1,7.3,3.6,7.8
fractura,fractura,070_488350201912140002_side.jpg,abajo,6.7,7.6,7.5,7.3
fractura,fractura,071_501609202005300006_front.jpg,abajo,3.9,7.2,6.2,7.2
fractura,fractura,071_501609202005300006_side.jpg,abajo,3.2,7.8,4.5,8.1
fractura,fractura,072_472697201908210707_front.jpg,abajo,4.9,7.2,7.1,7.0
fractura,fractura,072_472697201908210707_side.jpg,abajo,3.3,7.9,4.7,8.2
fractura,fractura,073_247655201408240432_front.jpg,arriba,6.1,2.4,4.2,2.5
fractura,fractura,073_247655201408240432_side.jpg,izq,2.6,4.5,2.5,5.3
fractura,fractura,074_423489201808260007_front.jpg,abajo,5.8,8.5,3.1,8.5
fractura,fractura,074_423489201808260007_side.jpg,abajo,7.2,8.9,8.6,8.6
fractura,fractura,075_325356201607160563_front.jpg,abajo,6.3,6.1,4.8,6.1
fractura,fractura,075_325356201607160563_side.jpg,arriba,5.7,4.1,6.5,4.1
fractura,fractura,076_560166202110170307_front.jpg,abajo,4.8,8.3,7.3,8.2
fractura,fractura,076_560166202110170307_side.jpg,abajo,3.8,7.8,5.0,7.8
fractura,fractura,077_322462201606240001_front.jpg,abajo,5.1,8.9,2.6,8.8
fractura,fractura,077_322462201606240001_side.jpg,abajo,4.9,7.35,5.9,7.55
fractura,fractura,078_528824202101300004_front.jpg,abajo,4.3,8.1,6.6,7.7
fractura,fractura,078_528824202101300004_side.jpg,izq,2.0,7.2,2.7,8.0
fractura,fractura,079_235680201405210377_front.jpg,abajo,5.5,7.9,7.6,7.9
fractura,fractura,079_235680201405210377_side.jpg,abajo,4.8,7.9,6.4,7.5
fractura,fractura,080_477898201909280008_front.jpg,abajo,4.7,7.7,7.2,7.4
fractura,fractura,080_477898201909280008_side.jpg,abajo,3.9,7.35,5.0,7.3
fractura,fractura,081_390264201712270473_front.jpg,abajo,6.6,8.6,8.4,8.2
fractura,fractura,081_390264201712270473_side.jpg,abajo,6.0,8.25,6.9,8.1
fractura,fractura,082_464465201906300616_front.jpg,abajo,3.1,7.3,4.2,7.7
fractura,fractura,082_464465201906300616_side.jpg,abajo,5.1,8.0,6.1,7.9
fractura,fractura,083_362555201706030521_front.jpg,abajo,3.6,7.75,5.6,8.05
fractura,fractura,083_362555201706030521_side.jpg,abajo,3.9,8.05,5.9,7.95
fractura,fractura,084_493871202001230300_front.jpg,abajo,2.0,8.05,5.5,8.0
fractura,fractura,084_493871202001230300_side.jpg,abajo,4.15,8.75,6.0,8.7
fractura,fractura,085_203033201906170600_front.jpg,arriba,3.8,6.6,6.6,5.85
fractura,fractura,085_203033201906170600_side.jpg,arriba,5.35,5.1,6.5,5.55
fractura,fractura,086_435854201811230717_front.jpg,izq,3.8,6.5,3.7,7.4
fractura,fractura,086_435854201811230717_side.jpg,abajo,6.1,7.8,7.4,7.9
fractura,fractura,087_538133202104240009_front.jpg,abajo,4.1,8.25,6.6,8.25
fractura,fractura,087_538133202104240009_side.jpg,abajo,3.9,8.0,5.9,7.9
fractura,fractura,088_531558202102230593_front.jpg,abajo,3.85,8.9,7.2,8.85
fractura,fractura,088_531558202102230593_side.jpg,abajo,3.8,9.0,5.9,8.85
fractura,fractura,089_195056201301020331_front.jpg,abajo,4.65,7.1,6.95,7.3
fractura,fractura,089_195056201301020331_side.jpg,abajo,3.3,7.9,4.3,7.8
fractura,fractura,090_561288202110240766_front.jpg,abajo,3.1,8.2,5.5,8.35
fractura,fractura,090_561288202110240766_side.jpg,abajo,4.0,8.55,5.4,8.55
fractura,fractura,091_598518202209050004_front.jpg,abajo,3.85,8.4,5.2,8.5
fractura,fractura,091_598518202209050004_side.jpg,abajo,4.3,8.75,5.65,8.6
fractura,fractura,092_288630201508210489_front.jpg,abajo,3.5,7.9,4.9,8.45
fractura,fractura,092_288630201508210489_side.jpg,abajo,4.45,8.15,4.9,8.15
fractura,fractura,093_508384202008030648_front.jpg,abajo,4.0,7.1,6.35,7.1
fractura,fractura,093_508384202008030648_side.jpg,abajo,2.5,7.1,3.8,7.0
fractura,fractura,094_357793201704240184_front.jpg,abajo,2.5,7.4,4.6,7.9
fractura,fractura,094_357793201704240184_side.jpg,abajo,4.3,8.3,5.4,8.25
fractura,fractura,095_248557201409010136_front.jpg,abajo,2.75,7.05,5.35,7.0
fractura,fractura,095_248557201409010136_side.jpg,abajo,5.1,7.55,6.8,7.35
fractura,fractura,096_569478202201010518_front.jpg,abajo,4.85,7.4,5.9,7.3
fractura,fractura,096_569478202201010518_side.jpg,abajo,4.1,7.65,5.0,7.5
fractura,fractura,097_271919201504060544_front.jpg,abajo,4.55,9.05,6.3,8.95
fractura,fractura,097_271919201504060544_side.jpg,abajo,3.75,6.85,4.9,7.05
fractura,fractura,098_308542201602210480_front.jpg,abajo,3.5,8.1,5.7,8.05
fractura,fractura,098_308542201602210480_side.jpg,abajo,3.9,8.0,5.45,7.9
fractura,fractura,099_655993202311050015_front.jpg,abajo,2.75,8.0,5.9,8.3
fractura,fractura,099_655993202311050015_side.jpg,abajo,6.15,8.4,7.5,7.95
fractura,fractura,100_476850201909210008_front.jpg,abajo,3.7,8.9,6.0,8.8
fractura,fractura,100_476850201909210008_side.jpg,abajo,4.55,8.9,6.15,8.75
fractura,fractura,101_425991201809120457_front.jpg,abajo,2.75,8.2,5.65,8.1
fractura,fractura,101_425991201809120457_side.jpg,abajo,5.0,8.05,6.4,8.0
fractura,fractura,102_567611202112150639_front.jpg,abajo,5.5,8.0,7.7,7.25
fractura,fractura,102_567611202112150639_side.jpg,abajo,7.55,7.15,8.15,6.45
fractura,fractura,103_616549202302180863_front.jpg,abajo,2.85,8.5,5.35,8.5
fractura,fractura,103_616549202302180863_side.jpg,abajo,4.05,8.0,6.5,7.95
fractura,fractura,104_435597201811210811_front.jpg,abajo,3.75,8.0,5.65,8.15
fractura,fractura,104_435597201811210811_side.jpg,abajo,3.8,8.2,4.9,8.05
fractura,fractura,105_530702202102140113_front.jpg,abajo,4.5,8.2,6.2,8.45
fractura,fractura,105_530702202102140113_side.jpg,abajo,3.9,7.3,4.95,7.5
fractura,fractura,106_626512202304290519_front.jpg,abajo,3.15,8.45,5.7,8.4
fractura,fractura,106_626512202304290519_side.jpg,abajo,5.1,8.1,6.5,7.95
fractura,fractura,107_266441201502080375_front.jpg,abajo,3.15,9.0,5.95,8.95
fractura,fractura,107_266441201502080375_side.jpg,abajo,4.55,8.7,5.8,8.65
fractura,fractura,108_333263201609170002_front.jpg,abajo,4.4,8.0,6.65,8.05
fractura,fractura,108_333263201609170002_side.jpg,abajo,3.65,8.2,4.8,8.0
fractura,fractura,109_501608202005300008_front.jpg,abajo,3.05,7.35,5.4,7.65
fractura,fractura,109_501608202005300008_side.jpg,abajo,5.2,7.3,6.6,6.95
fractura,fractura,110_616199202302150361_front.jpg,abajo,2.7,8.2,5.0,8.25
fractura,fractura,110_616199202302150361_side.jpg,abajo,6.65,8.4,7.4,7.9
fractura,fractura,111_552368202108150015_front.jpg,abajo,3.95,8.25,6.6,8.15
fractura,fractura,111_552368202108150015_side.jpg,abajo,3.7,8.15,5.4,8.0
fractura,fractura,112_351301202210170099_front.jpg,abajo,6.55,8.75,8.4,8.3
fractura,fractura,112_351301202210170099_side.jpg,abajo,4.1,8.8,5.1,8.8
fractura,fractura,113_214413201310090365_front.jpg,abajo,5.5,7.4,6.6,7.25
fractura,fractura,113_214413201310090365_side.jpg,abajo,3.5,6.15,4.35,5.85
fractura,fractura,114_340113201611160478_front.jpg,abajo,3.8,7.7,6.2,7.9
fractura,fractura,114_340113201611160478_side.jpg,abajo,3.6,7.95,4.85,7.85
fractura,fractura,115_588239202206230562_front.jpg,abajo,3.45,8.45,5.55,8.4
fractura,fractura,115_588239202206230562_side.jpg,abajo,4.9,8.63,6.5,8.55
fractura,fractura,116_349825201702140267_front.jpg,abajo,6.4,8.1,8.1,7.45
fractura,fractura,116_349825201702140267_side.jpg,abajo,7.4,9.05,8.55,8.5
fractura,fractura,117_463394201906220640_front.jpg,abajo,3.7,7.6,5.25,8.1
fractura,fractura,117_463394201906220640_side.jpg,abajo,4.97,8.27,6.15,8.1
fractura,fractura,118_649498202309190872_front.jpg,abajo,2.7,8.05,4.95,7.85
fractura,fractura,118_649498202309190872_side.jpg,abajo,2.9,8.45,4.55,8.75
fractura,fractura,119_293656201510050368_front.jpg,abajo,4.6,8.1,5.9,8.0
fractura,fractura,119_293656201510050368_side.jpg,abajo,4.35,7.6,4.95,7.5
fractura,fractura,120_340187201611170322_front.jpg,arriba,2.8,2.45,5.85,2.55
fractura,fractura,120_340187201611170322_side.jpg,arriba,2.95,2.15,4.4,2.15
fractura,fractura,121_331142201608290475_front.jpg,arriba,1.9,2.75,3.7,2.25
fractura,fractura,121_331142201608290475_side.jpg,arriba,2.7,1.7,3.98,1.65
fractura,fractura,122_658644202311220948_front.jpg,abajo,1.4,7.6,2.95,8.1
fractura,fractura,122_658644202311220948_side.jpg,abajo,4.8,7.95,6.4,7.9
fractura,fractura,123_483909201911100692_front.jpg,abajo,4.0,6.9,6.35,6.6
fractura,fractura,123_483909201911100692_side.jpg,abajo,3.15,7.9,5.15,7.8
fractura,fractura,124_591141202207150084_front.jpg,abajo,4.3,8.3,6.3,8.2
fractura,fractura,124_591141202207150084_side.jpg,abajo,3.0,7.85,4.3,8.1
fractura,fractura,125_538984202104300329_front.jpg,abajo,6.4,8.6,7.75,7.85
fractura,fractura,125_538984202104300329_side.jpg,abajo,7.05,8.5,8.05,7.7
fractura,fractura,126_245673201804180843_front.jpg,abajo,2.4,7.55,4.2,8.1
fractura,fractura,126_245673201804180843_side.jpg,abajo,4.55,7.8,5.85,7.75
fractura,fractura,127_558499202109300612_front.jpg,abajo,5.1,8.5,7.55,8.4
fractura,fractura,127_558499202109300612_side.jpg,abajo,5.1,8.65,6.6,8.55
fractura,fractura,128_115751201805100801_front.jpg,abajo,4.4,8.1,5.7,7.95
fractura,fractura,128_115751201805100801_side.jpg,abajo,5.05,7.9,6.35,7.8
fractura,fractura,129_93049201306070380_front.jpg,abajo,6.95,7.85,8.5,7.55
fractura,fractura,129_93049201306070380_side.jpg,abajo,3.0,6.9,5.1,6.8
fractura,fractura,130_369727201707280606_front.jpg,abajo,4.9,7.5,6.8,7.1
fractura,fractura,130_369727201707280606_side.jpg,abajo,4.5,7.0,5.3,7.0
fractura,fractura,131_440340201812270513_front.jpg,abajo,4.0,7.4,5.7,7.6
fractura,fractura,131_440340201812270513_side.jpg,abajo,4.8,8.0,5.7,7.9
fractura,fractura,132_264706201501250436_front.jpg,abajo,2.5,8.3,4.8,8.6
fractura,fractura,132_264706201501250436_side.jpg,abajo,5.3,8.7,6.4,8.7
fractura,fractura,133_336371201610140395_front.jpg,abajo,3.0,7.6,5.5,7.6
fractura,fractura,133_336371201610140395_side.jpg,abajo,6.1,7.5,7.2,7.3
fractura,fractura,134_223104201401160328_front.jpg,abajo,5.7,6.0,6.8,6.0
fractura,fractura,134_223104201401160328_side.jpg,abajo,4.9,7.2,5.6,7.1
fractura,fractura,135_480721201910180531_front.jpg,abajo,2.2,7.9,3.9,8.3
fractura,fractura,135_480721201910180531_side.jpg,abajo,4.0,8.3,5.3,8.3
fractura,fractura,136_530579202102110032_front.jpg,abajo,5.8,8.8,7.8,8.4
fractura,fractura,136_530579202102110032_side.jpg,abajo,4.8,6.9,5.9,6.9
fractura,fractura,137_545497202106240432_front.jpg,abajo,4.1,8.2,6.5,8.2
fractura,fractura,137_545497202106240432_side.jpg,abajo,5.3,8.2,6.8,8.2
fractura,fractura,138_597578202208270008_front.jpg,abajo,3.5,7.6,5.4,7.6
fractura,fractura,138_597578202208270008_side.jpg,abajo,4.6,8.1,5.4,8.1
fractura,fractura,139_447417201902230605_front.jpg,abajo,5.9,9.4,7.3,8.6
fractura,fractura,139_447417201902230605_side.jpg,abajo,4.0,7.5,4.8,7.7
fractura,fractura,140_447091201902200533_front.jpg,abajo,5.1,8.7,3.3,8.4
fractura,fractura,140_447091201902200533_side.jpg,abajo,3.6,8.0,4.6,8.0
fractura,fractura,141_250390202111200104_front.jpg,abajo,1.5,7.7,3.6,8.2
fractura,fractura,141_250390202111200104_side.jpg,abajo,4.4,8.5,6.1,8.5
fractura,fractura,142_558897202110050633_front.jpg,abajo,1.8,7.4,3.5,7.9
fractura,fractura,142_558897202110050633_side.jpg,abajo,4.6,7.8,5.6,7.8
fractura,fractura,143_576414202203080529_front.jpg,abajo,4.1,7.8,5.6,8.0
fractura,fractura,143_576414202203080529_side.jpg,abajo,4.4,8.0,5.5,8.0
fractura,fractura,144_384072201711110632_front.jpg,abajo,3.9,8.1,6.1,8.1
fractura,fractura,144_384072201711110632_side.jpg,abajo,5.4,8.5,7.1,8.5
fractura,fractura,145_325217201607150588_front.jpg,abajo,7.3,7.0,5.9,7.2
fractura,fractura,145_325217201607150588_side.jpg,abajo,6.2,8.0,6.7,7.6
fractura,fractura,146_273416201504190525_front.jpg,abajo,3.3,5.7,4.8,5.8
fractura,fractura,146_273416201504190525_side.jpg,abajo,5.3,5.9,6.3,6.0
fractura,fractura,147_395749202308310012_front.jpg,abajo,5.0,8.1,7.4,8.0
fractura,fractura,147_395749202308310012_side.jpg,abajo,2.5,8.1,3.7,8.1
fractura,fractura,148_230971201404090398_front.jpg,abajo,3.2,7.3,4.3,7.6
fractura,fractura,148_230971201404090398_side.jpg,abajo,5.3,7.2,6.3,7.0
fractura,fractura,150_219533201312070308_front.jpg,abajo,3.6,8.5,5.3,8.5
fractura,fractura,150_219533201312070308_side.jpg,abajo,3.3,7.4,5.0,7.4
fractura,fractura,151_560583202110180685_front.jpg,abajo,2.0,7.9,4.3,8.3
fractura,fractura,151_560583202110180685_side.jpg,abajo,3.7,8.3,5.3,8.5
fractura,fractura,152_235765201405220315_front.jpg,abajo,4.8,5.9,6.0,6.0
fractura,fractura,152_235765201405220315_side.jpg,der,6.1,6.1,6.6,5.7
fractura,fractura,153_582955202205150774_front.jpg,abajo,5.5,7.8,7.6,7.4
fractura,fractura,153_582955202205150774_side.jpg,abajo,4.0,8.1,5.3,8.1
fractura,fractura,154_501668202005300557_front.jpg,abajo,1.9,8.0,3.9,8.6
fractura,fractura,154_501668202005300557_side.jpg,abajo,3.7,6.2,4.7,6.2
fractura,fractura,155_296108201510270368_front.jpg,arriba,3.9,2.3,5.1,2.3
fractura,fractura,155_296108201510270368_side.jpg,arriba,4.9,2.1,5.6,2.1
fractura,fractura,156_330268201608220649_front.jpg,abajo,4.8,7.8,6.8,7.6
fractura,fractura,156_330268201608220649_side.jpg,abajo,2.3,8.3,2.9,8.6
fractura,fractura,157_231734201404160377_front.jpg,arriba,5.0,2.2,6.8,2.4
fractura,fractura,157_231734201404160377_side.jpg,arriba,3.8,3.2,4.7,3.2
fractura,fractura,158_677000202404040013_front.jpg,abajo,5.0,8.2,7.3,8.2
fractura,fractura,158_677000202404040013_side.jpg,abajo,3.3,8.3,4.6,8.3
fractura,fractura,159_588960202305030257_front.jpg,der,7.5,7.5,6.4,8.6
fractura,fractura,159_588960202305030257_side.jpg,abajo,4.4,8.1,5.5,8.1
fractura,fractura,160_482660201911010589_front.jpg,abajo,4.8,8.3,7.6,8.3
fractura,fractura,160_482660201911010589_side.jpg,abajo,3.5,8.1,5.9,8.1
fractura,fractura,161_617510202302260006_front.jpg,abajo,5.9,8.6,8.1,8.2
fractura,fractura,161_617510202302260006_side.jpg,abajo,4.2,8.3,5.8,8.4
fractura,fractura,162_560335202110170196_front.jpg,abajo,5.7,8.0,3.3,7.8
fractura,fractura,162_560335202110170196_side.jpg,abajo,5.2,7.9,6.4,7.9
fractura,fractura,163_456174201904300006_front.jpg,abajo,3.3,7.6,4.6,8.3
fractura,fractura,163_456174201904300006_side.jpg,abajo,5.7,8.4,6.5,8.4
fractura,fractura,164_540452202105140165_front.jpg,abajo,5.3,8.1,7.4,7.9
fractura,fractura,164_540452202105140165_side.jpg,abajo,4.1,8.6,5.1,8.6
fractura,fractura,165_418391201807250248_front.jpg,abajo,8.5,8.1,6.4,8.6
fractura,fractura,165_418391201807250248_side.jpg,abajo,5.3,6.7,6.4,6.7
fractura,fractura,166_597931202208310192_front.jpg,abajo,5.6,8.4,3.3,8.2
fractura,fractura,166_597931202208310192_side.jpg,abajo,5.3,8.4,6.7,8.4
fractura,fractura,167_585562202206050003_front.jpg,abajo,6.1,8.3,3.6,8.3
fractura,fractura,167_585562202206050003_side.jpg,abajo,4.5,8.6,5.8,8.6
fractura,fractura,168_569601202201030005_front.jpg,abajo,4.3,8.2,5.7,8.2
fractura,fractura,168_569601202201030005_side.jpg,abajo,2.5,7.2,3.3,7.8
fractura,fractura,169_630292202305250014_front.jpg,abajo,5.3,7.9,3.3,7.9
fractura,fractura,169_630292202305250014_side.jpg,abajo,4.3,7.9,5.6,7.9
fractura,fractura,170_370363201708010598_front.jpg,arriba,5.2,1.9,2.8,1.8
fractura,fractura,170_370363201708010598_side.jpg,arriba,3.4,2.0,4.8,1.9
fractura,fractura,171_607318202211200744_front.jpg,abajo,4.7,8.2,7.3,8.1
fractura,fractura,171_607318202211200744_side.jpg,abajo,3.2,8.3,4.6,8.3
fractura,fractura,172_511310202008250691_front.jpg,abajo,5.2,8.2,6.9,7.8
fractura,fractura,172_511310202008250691_side.jpg,abajo,4.5,7.4,5.4,7.4
fractura,fractura,173_405612202207070100_front.jpg,abajo,6.4,8.2,4.4,8.1
fractura,fractura,173_405612202207070100_side.jpg,abajo,5.1,8.7,6.0,8.5
fractura,fractura,174_512859202209120570_front.jpg,abajo,4.7,7.6,6.8,7.6
fractura,fractura,174_512859202209120570_side.jpg,abajo,3.0,7.6,4.2,7.9
fractura,fractura,175_415933201807091030_front.jpg,abajo,3.7,7.9,1.9,7.2
fractura,fractura,175_415933201807091030_side.jpg,arriba,3.5,2.6,4.6,2.6
fractura,fractura,176_660838202312080672_front.jpg,abajo,5.5,7.3,6.9,6.7
fractura,fractura,176_660838202312080672_side.jpg,abajo,5.4,8.1,6.2,8.1
fractura,fractura,177_396806201802170232_front.jpg,abajo,3.9,7.5,5.7,7.4
fractura,fractura,177_396806201802170232_side.jpg,abajo,4.8,7.5,5.8,7.5
fractura,fractura,178_499210202005030433_front.jpg,abajo,4.5,8.1,1.8,8.1
fractura,fractura,178_499210202005030433_side.jpg,der,7.7,7.4,8.3,6.9
fractura,fractura,179_660860202312100315_front.jpg,abajo,3.8,8.2,2.2,7.6
fractura,fractura,179_660860202312100315_side.jpg,abajo,5.0,8.0,6.3,8.0
fractura,fractura,180_498516202004240062_front.jpg,abajo,4.8,7.1,6.7,7.1
fractura,fractura,180_498516202004240062_side.jpg,abajo,4.0,7.9,5.1,7.9
fractura,fractura,181_422039201808160001_front.jpg,abajo,4.2,7.3,2.6,7.3
fractura,fractura,181_422039201808160001_side.jpg,abajo,4.3,7.8,5.8,7.8
fractura,fractura,182_536305202104090004_front.jpg,abajo,4.6,8.7,2.1,8.6
fractura,fractura,182_536305202104090004_side.jpg,abajo,3.9,8.4,5.4,8.4
fractura,fractura,183_657458202311140914_front.jpg,abajo,5.0,7.2,6.3,7.1
fractura,fractura,183_657458202311140914_side.jpg,abajo,2.3,7.4,3.7,7.8
fractura,fractura,184_523947202012210206_front.jpg,abajo,7.7,6.9,6.4,7.4
fractura,fractura,184_523947202012210206_side.jpg,abajo,5.8,8.3,6.7,8.1
fractura,fractura,185_659250202311270915_front.jpg,abajo,4.9,8.4,7.3,8.4
fractura,fractura,185_659250202311270915_side.jpg,abajo,3.4,7.9,5.4,7.9
fractura,fractura,186_303788201601050301_front.jpg,abajo,4.7,6.2,5.7,6.2
fractura,fractura,186_303788201601050301_side.jpg,abajo,4.1,7.4,4.8,7.5
fractura,fractura,187_294117201510090428_front.jpg,abajo,4.6,8.3,5.8,8.2
fractura,fractura,187_294117201510090428_side.jpg,abajo,5.0,8.0,5.6,8.0
fractura,fractura,188_551921202303020136_front.jpg,abajo,5.5,8.6,3.2,8.2
fractura,fractura,188_551921202303020136_side.jpg,der,7.5,8.0,6.9,9.1
fractura,fractura,189_417847202204280505_front.jpg,abajo,3.6,9.0,6.8,8.9
fractura,fractura,189_417847202204280505_side.jpg,abajo,5.4,8.6,7.2,8.6
fractura,fractura,190_488854201912170451_front.jpg,abajo,5.8,5.9,4.7,5.8
fractura,fractura,190_488854201912170451_side.jpg,abajo,4.7,8.0,6.1,8.0
fractura,fractura,191_336101201610120002_front.jpg,abajo,4.9,7.1,2.7,7.0
fractura,fractura,191_336101201610120002_side.jpg,izq,2.4,5.1,2.4,6.0
fractura,fractura,192_558594202110010470_front.jpg,abajo,3.5,8.2,6.1,8.2
fractura,fractura,192_558594202110010470_side.jpg,abajo,3.0,8.7,5.1,8.7
fractura,fractura,193_361788201705270356_front.jpg,arriba,6.2,2.0,7.4,2.8
fractura,fractura,193_361788201705270356_side.jpg,arriba,6.5,1.5,8.0,1.9
fractura,fractura,194_275035201505030515_front.jpg,der,6.6,3.7,6.8,4.8
fractura,fractura,194_275035201505030515_side.jpg,der,6.3,2.0,6.9,2.7
fractura,fractura,195_522248202012030561_front.jpg,abajo,3.0,7.8,5.6,8.1
fractura,fractura,195_522248202012030561_side.jpg,abajo,3.3,7.9,4.4,7.9
fractura,fractura,196_661638202312150312_front.jpg,abajo,3.5,8.8,5.9,9.0
fractura,fractura,196_661638202312150312_side.jpg,abajo,3.8,8.9,4.9,8.9
fractura,fractura,197_500020202005270384_front.jpg,abajo,4.0,6.1,5.4,6.5
fractura,fractura,197_500020202005270384_side.jpg,abajo,3.5,6.7,4.4,6.7
fractura,fractura,198_260641202212080110_front.jpg,der,9.0,7.7,7.8,8.8
fractura,fractura,199_288753201508230005_front.jpg,abajo,4.7,7.1,5.6,7.1
fractura,fractura,199_288753201508230005_side.jpg,abajo,3.7,7.0,4.3,7.0
fractura,fractura,200_398416201803040008_front.jpg,abajo,4.2,8.3,5.4,8.2
fractura,fractura,200_398416201803040008_side.jpg,abajo,5.1,8.4,6.5,8.2
fractura,fractura,201_482005201910280009_front.jpg,abajo,3.4,8.2,6.0,8.5
fractura,fractura,201_482005201910280009_side.jpg,abajo,5.9,8.8,7.2,8.6
fractura,fractura,202_486285201911270612_front.jpg,abajo,2.0,7.6,4.8,7.9
fractura,fractura,202_486285201911270612_side.jpg,abajo,4.6,8.8,6.1,8.7
fractura,fractura,203_439521202209220510_front.jpg,abajo,4.7,8.2,7.4,8.0
fractura,fractura,203_439521202209220510_side.jpg,abajo,5.8,8.2,7.0,7.9
fractura,fractura,204_466931201907170011_front.jpg,abajo,3.4,7.8,4.8,7.7
fractura,fractura,204_466931201907170011_side.jpg,abajo,5.5,8.9,6.5,8.8
fractura,fractura,205_586588202206120004_front.jpg,abajo,2.2,8.0,4.3,8.4
fractura,fractura,205_586588202206120004_side.jpg,abajo,4.1,7.9,5.6,7.9
fractura,fractura,206_498363202310290800_front.jpg,abajo,3.9,8.6,6.2,8.8
fractura,fractura,206_498363202310290800_side.jpg,abajo,4.2,8.8,5.5,8.7
fractura,fractura,207_278536201506030405_front.jpg,abajo,4.1,7.0,5.5,6.9
fractura,fractura,207_278536201506030405_side.jpg,arriba,4.8,3.6,5.6,3.9
fractura,fractura,208_607759202211230425_front.jpg,abajo,6.0,8.5,8.1,8.1
fractura,fractura,208_607759202211230425_side.jpg,abajo,4.1,8.8,5.4,8.8
fractura,fractura,209_555136202109050220_front.jpg,izq,1.5,7.3,2.8,8.2
fractura,fractura,209_555136202109050220_side.jpg,abajo,3.8,8.1,5.4,8.0
fractura,fractura,210_520830202011210001_front.jpg,abajo,2.5,7.8,4.3,8.1
fractura,fractura,210_520830202011210001_side.jpg,abajo,5.8,7.1,6.6,7.0
fractura,fractura,211_559123202110090123_front.jpg,abajo,2.9,7.95,4.1,8.6
fractura,fractura,211_559123202110090123_side.jpg,abajo,5.5,8.0,6.5,7.65
fractura,fractura,212_240529201407030413_front.jpg,arriba,5.55,2.9,7.8,2.9
fractura,fractura,212_240529201407030413_side.jpg,arriba,5.7,3.85,7.15,4.45
fractura,fractura,213_492088202001100641_front.jpg,abajo,3.35,8.1,5.4,7.9
fractura,fractura,213_492088202001100641_side.jpg,abajo,3.2,7.4,3.8,8.05
fractura,fractura,214_560860202110200638_front.jpg,abajo,3.05,8.05,5.1,8.1
fractura,fractura,214_560860202110200638_side.jpg,abajo,6.0,8.25,7.2,8.2
fractura,fractura,215_442206202308221129_front.jpg,abajo,4.3,8.7,6.2,8.8
fractura,fractura,215_442206202308221129_side.jpg,abajo,6.05,8.15,7.4,8.0
fractura,fractura,216_303253201512310313_front.jpg,abajo,4.45,7.4,5.6,7.65
fractura,fractura,216_303253201512310313_side.jpg,abajo,4.6,7.75,5.4,7.65
fractura,fractura,217_676838202404040241_front.jpg,abajo,5.5,8.95,7.55,8.2
fractura,fractura,217_676838202404040241_side.jpg,abajo,3.6,8.85,5.2,8.8
fractura,fractura,218_350666202007150468_front.jpg,abajo,3.35,8.15,5.75,8.1
fractura,fractura,218_350666202007150468_side.jpg,abajo,3.6,8.05,5.4,8.05
fractura,fractura,219_434084202007140651_front.jpg,abajo,4.5,8.25,6.4,8.25
fractura,fractura,219_434084202007140651_side.jpg,abajo,4.55,8.5,6.3,8.25
fractura,fractura,220_222558201909210574_front.jpg,abajo,3.55,8.6,6.15,8.5
fractura,fractura,220_222558201909210574_side.jpg,abajo,4.1,8.65,6.0,8.55
fractura,fractura,221_284284202009260706_front.jpg,abajo,2.8,7.15,3.8,8.35
fractura,fractura,221_284284202009260706_side.jpg,abajo,4.5,8.35,5.4,8.3
fractura,fractura,222_661256202312111005_front.jpg,abajo,2.75,8.25,5.85,8.2
fractura,fractura,222_661256202312111005_side.jpg,abajo,4.3,8.35,5.7,8.3
fractura,fractura,223_229429201403250454_front.jpg,abajo,4.0,8.4,6.45,8.5
fractura,fractura,223_229429201403250454_side.jpg,abajo,5.45,8.3,7.15,8.0
fractura,fractura,224_609251202212050628_front.jpg,abajo,2.5,8.4,4.95,8.55
fractura,fractura,224_609251202212050628_side.jpg,abajo,7.7,8.5,8.5,7.8
fractura,fractura,225_334652201609270435_front.jpg,abajo,4.3,8.5,6.15,8.45
fractura,fractura,225_334652201609270435_side.jpg,abajo,2.8,7.85,4.7,7.75
fractura,fractura,226_291294201509130365_front.jpg,abajo,3.5,5.5,4.9,5.1
fractura,fractura,226_291294201509130365_side.jpg,abajo,4.55,5.1,5.35,4.9
fractura,fractura,227_462374201906150006_front.jpg,abajo,4.8,7.9,5.95,7.5
fractura,fractura,227_462374201906150006_side.jpg,abajo,3.85,7.7,4.9,7.5
fractura,fractura,228_572165202201230230_front.jpg,abajo,5.0,8.55,6.3,8.25
fractura,fractura,228_572165202201230230_side.jpg,abajo,4.75,8.3,5.8,8.25
fractura,fractura,229_231624201404160179_front.jpg,der,6.3,3.5,7.25,4.4
fractura,fractura,229_231624201404160179_side.jpg,abajo,5.95,7.75,7.0,7.4
fractura,fractura,230_212122201309090163_front.jpg,abajo,2.25,6.6,3.45,7.2
fractura,fractura,230_212122201309090163_side.jpg,abajo,3.95,7.1,5.4,7.0
fractura,fractura,231_266835201502120206_front.jpg,izq,1.65,5.7,2.55,6.5
fractura,fractura,231_266835201502120206_side.jpg,abajo,4.15,6.85,5.1,6.8
fractura,fractura,232_639240202307200620_front.jpg,abajo,2.7,9.3,6.05,9.2
fractura,fractura,232_639240202307200620_side.jpg,abajo,5.6,9.35,7.3,9.25
fractura,fractura,233_473799201908290633_front.jpg,abajo,5.25,8.4,6.5,7.9
fractura,fractura,233_473799201908290633_side.jpg,abajo,3.3,8.4,4.65,8.2
fractura,fractura,234_413735201806240808_front.jpg,abajo,2.65,8.6,4.7,8.6
fractura,fractura,234_413735201806240808_side.jpg,izq,1.55,4.45,1.55,5.5
fractura,fractura,235_205299201306100368_front.jpg,abajo,2.85,7.65,4.4,7.5
fractura,fractura,235_205299201306100368_side.jpg,abajo,3.35,7.75,5.05,7.65
fractura,fractura,236_251526201409270518_front.jpg,abajo,3.35,7.65,5.55,7.65
fractura,fractura,236_251526201409270518_side.jpg,abajo,4.7,7.1,6.4,7.05
fractura,fractura,237_495642202003140363_front.jpg,arriba,3.4,1.55,5.5,1.7
fractura,fractura,237_495642202003140363_side.jpg,arriba,3.5,1.6,5.25,1.55
fractura,fractura,238_302870201604130502_front.jpg,arriba,3.15,1.9,5.2,1.7
fractura,fractura,238_302870201604130502_side.jpg,arriba,4.0,1.85,5.65,1.75
fractura,fractura,239_298256201511150515_front.jpg,abajo,3.85,7.5,4.9,7.3
fractura,fractura,239_298256201511150515_side.jpg,abajo,2.65,7.1,3.5,7.6
fractura,fractura,240_627259202305050396_front.jpg,abajo,3.15,7.9,6.4,7.85
fractura,fractura,240_627259202305050396_side.jpg,abajo,3.9,7.85,6.6,7.8
fractura,fractura,241_545585202106250456_front.jpg,abajo,2.75,8.5,5.15,8.5
fractura,fractura,241_545585202106250456_side.jpg,abajo,3.6,8.55,5.55,8.5
fractura,fractura,242_523834202012180544_front.jpg,abajo,4.8,7.25,7.25,7.1
fractura,fractura,242_523834202012180544_side.jpg,abajo,2.5,7.3,4.2,7.25
fractura,fractura,243_538802202104280535_front.jpg,abajo,3.95,8.3,6.3,8.25
fractura,fractura,243_538802202104280535_side.jpg,abajo,4.4,6.8,5.85,6.75
fractura,fractura,244_466924201907160754_front.jpg,abajo,1.85,7.95,3.2,7.5
fractura,fractura,244_466924201907160754_side.jpg,abajo,3.85,7.9,4.95,7.8
fractura,fractura,245_241235202303310055_front.jpg,abajo,3.05,8.7,5.85,8.65
fractura,fractura,245_241235202303310055_side.jpg,abajo,3.7,8.75,6.15,8.7
fractura,fractura,246_572561202201260003_front.jpg,abajo,5.95,8.65,6.95,8.2
fractura,fractura,246_572561202201260003_side.jpg,abajo,4.1,8.8,5.1,8.65
fractura,fractura,247_662848202312250130_front.jpg,izq,1.85,7.45,2.65,8.25
fractura,fractura,247_662848202312250130_side.jpg,abajo,6.3,8.1,7.65,7.55
fractura,fractura,248_481580201910240538_front.jpg,abajo,1.85,8.5,4.2,8.5
fractura,fractura,248_481580201910240538_side.jpg,abajo,3.6,8.6,5.4,8.55
fractura,fractura,249_452838201904050385_front.jpg,abajo,3.45,8.4,5.6,8.5
fractura,fractura,249_452838201904050385_side.jpg,abajo,5.15,8.55,6.4,8.5
fractura,fractura,250_411722201806090762_front.jpg,abajo,1.45,7.3,3.6,7.45
fractura,fractura,250_411722201806090762_side.jpg,abajo,3.35,7.65,5.0,7.6
fractura,fractura,251_622986202304050547_front.jpg,abajo,4.85,8.65,7.1,8.6
fractura,fractura,251_622986202304050547_side.jpg,abajo,3.65,8.2,5.55,8.15
fractura,fractura,252_382897201711020730_front.jpg,abajo,3.4,7.75,5.75,7.8
fractura,fractura,252_382897201711020730_side.jpg,abajo,5.2,8.1,6.85,8.05
fractura,fractura,253_488857201912170601_front.jpg,abajo,3.95,8.85,6.8,8.9
fractura,fractura,253_488857201912170601_side.jpg,abajo,3.45,8.9,5.5,8.85
fractura,fractura,254_611478202212280008_front.jpg,abajo,2.1,8.5,4.7,8.8
fractura,fractura,254_611478202212280008_side.jpg,abajo,4.6,8.7,6.65,8.55
fractura,fractura,255_255976201411060369_front.jpg,abajo,5.05,7.2,6.45,7.1
fractura,fractura,255_255976201411060369_side.jpg,abajo,3.1,7.4,4.75,7.25
fractura,fractura,256_222676201401120331_front.jpg,abajo,4.15,7.3,5.8,7.2
fractura,fractura,256_222676201401120331_side.jpg,abajo,4.0,8.2,5.2,8.1
fractura,fractura,257_601019202209270625_front.jpg,abajo,6.0,7.35,7.55,7.1
fractura,fractura,257_601019202209270625_side.jpg,abajo,1.7,8.5,3.2,8.4
fractura,fractura,258_608061202211270210_front.jpg,abajo,3.8,8.65,6.05,8.5
fractura,fractura,258_608061202211270210_side.jpg,abajo,7.0,9.3,8.35,9.25
fractura,fractura,259_303357201601010401_front.jpg,arriba,4.5,1.8,5.5,1.8
fractura,fractura,259_303357201601010401_side.jpg,arriba,4.9,2.1,5.6,2.1
fractura,fractura,260_624318202304160565_front.jpg,abajo,5.1,8.9,7.2,8.8
fractura,fractura,260_624318202304160565_side.jpg,abajo,4.4,8.9,6.1,8.8
fractura,fractura,261_493072202001160624_front.jpg,abajo,4.2,8.0,2.7,7.6
fractura,fractura,261_493072202001160624_side.jpg,abajo,5.7,8.2,6.5,8.2
fractura,fractura,262_478262201910010001_front.jpg,abajo,6.1,7.3,7.8,6.8
fractura,fractura,262_478262201910010001_side.jpg,abajo,5.9,7.7,6.7,7.3
fractura,fractura,263_242293202108170245_front.jpg,abajo,6.9,8.5,4.3,8.5
fractura,fractura,263_242293202108170245_side.jpg,abajo,5.4,8.3,6.4,8.3
fractura,fractura,264_359373201705070502_front.jpg,abajo,4.9,7.1,6.4,7.0
fractura,fractura,264_359373201705070502_side.jpg,abajo,3.8,8.3,4.7,8.5
fractura,fractura,265_500423202005170007_front.jpg,abajo,4.8,8.8,3.3,8.8
fractura,fractura,265_500423202005170007_side.jpg,abajo,3.6,8.9,5.0,8.9
fractura,fractura,266_513251202009130004_front.jpg,abajo,6.7,8.3,7.6,8.3
fractura,fractura,266_513251202009130004_side.jpg,izq,3.2,6.4,4.0,6.9
fractura,fractura,267_497294202004080345_front.jpg,abajo,4.6,8.3,2.5,8.2
fractura,fractura,267_497294202004080345_side.jpg,abajo,4.6,8.2,6.2,8.2
fractura,fractura,268_509833202008150003_front.jpg,abajo,5.3,8.1,2.9,8.1
fractura,fractura,268_509833202008150003_side.jpg,abajo,5.0,8.1,6.7,8.1
fractura,fractura,269_258044201411250318_front.jpg,abajo,4.0,8.1,6.0,8.0
fractura,fractura,269_258044201411250318_side.jpg,abajo,6.0,9.6,7.6,9.5
fractura,fractura,270_129449201908270685_front.jpg,abajo,5.7,8.8,4.0,8.8
fractura,fractura,270_129449201908270685_side.jpg,abajo,6.1,7.8,7.3,7.8
fractura,fractura,271_431596201810230920_front.jpg,abajo,3.8,7.9,5.5,7.9
fractura,fractura,271_431596201810230920_side.jpg,arriba,2.7,2.6,3.2,2.2
fractura,fractura,272_289429202206250013_front.jpg,abajo,4.9,8.5,4.0,8.1
fractura,fractura,272_289429202206250013_side.jpg,abajo,5.0,8.2,5.5,8.2
fractura,fractura,273_529814202102040445_front.jpg,abajo,7.0,8.6,8.3,8.3
fractura,fractura,273_529814202102040445_side.jpg,abajo,3.3,8.6,4.6,8.6
fractura,fractura,274_361617201705260001_front.jpg,abajo,8.1,7.6,6.9,8.3
fractura,fractura,274_361617201705260001_side.jpg,abajo,3.5,8.2,5.0,8.2
fractura,fractura,275_621195202303240100_front.jpg,abajo,3.0,8.5,5.1,8.4
fractura,fractura,275_621195202303240100_side.jpg,abajo,5.1,8.8,7.0,8.8
fractura,fractura,276_593369202207290395_front.jpg,abajo,3.7,8.4,5.5,8.4
fractura,fractura,276_593369202207290395_side.jpg,abajo,4.5,8.5,5.5,8.5
fractura,fractura,277_538886202104290505_front.jpg,abajo,6.0,8.8,3.8,8.8
fractura,fractura,277_538886202104290505_side.jpg,abajo,4.6,8.8,6.0,8.8
fractura,fractura,278_623735202304110011_front.jpg,abajo,4.5,8.4,6.5,8.4
fractura,fractura,278_623735202304110011_side.jpg,abajo,5.1,7.9,6.0,7.9
fractura,fractura,279_233597201405030389_side.jpg,abajo,5.7,6.6,6.2,7.0
fractura,fractura,280_572476202201250356_front.jpg,abajo,5.4,9.0,4.1,9.0
fractura,fractura,280_572476202201250356_side.jpg,abajo,5.2,7.9,5.8,7.9
fractura,fractura,281_203736201305170356_front.jpg,abajo,3.0,7.3,4.5,7.8
fractura,fractura,281_203736201305170356_side.jpg,abajo,3.0,6.9,3.6,6.9
fractura,fractura,282_213808201310020112_front.jpg,der,6.7,3.7,6.2,2.6
fractura,fractura,282_213808201310020112_side.jpg,arriba,5.6,3.5,6.2,3.7
fractura,fractura,283_480598201910170650_front.jpg,abajo,5.3,6.5,3.6,6.5
fractura,fractura,283_480598201910170650_side.jpg,abajo,5.6,8.1,7.0,8.0
fractura,fractura,284_535720202104030692_front.jpg,abajo,4.4,8.8,2.2,8.8
fractura,fractura,284_535720202104030692_side.jpg,der,7.5,8.4,7.3,9.1
fractura,fractura,285_331040201608290004_front.jpg,arriba,6.4,2.1,7.5,3.2
fractura,fractura,285_331040201608290004_side.jpg,arriba,4.5,2.2,5.3,2.2
fractura,fractura,286_673006202403070007_front.jpg,abajo,5.0,9.0,3.3,9.0
fractura,fractura,286_673006202403070007_side.jpg,abajo,4.8,8.4,6.3,8.4
fractura,fractura,287_623899202304110887_front.jpg,abajo,5.5,7.9,3.5,7.9
fractura,fractura,287_623899202304110887_side.jpg,abajo,5.8,8.1,6.9,8.1
fractura,fractura,288_457594201905100586_front.jpg,abajo,4.8,8.5,6.0,8.5
fractura,fractura,288_457594201905100586_side.jpg,abajo,4.5,7.5,5.0,7.5
fractura,fractura,289_377918201709250840_front.jpg,abajo,3.9,7.5,2.2,6.9
fractura,fractura,289_377918201709250840_side.jpg,abajo,6.1,8.2,7.0,8.1
fractura,fractura,290_268025201502280379_front.jpg,abajo,4.4,8.4,2.5,7.8
fractura,fractura,290_268025201502280379_side.jpg,abajo,4.5,8.0,5.5,8.0
fractura,fractura,291_447416201902230603_front.jpg,abajo,5.1,8.3,3.2,8.3
fractura,fractura,291_447416201902230603_side.jpg,abajo,4.8,8.1,5.5,8.1
fractura,fractura,292_346872202011170003_front.jpg,abajo,6.2,8.1,4.1,8.1
fractura,fractura,292_346872202011170003_side.jpg,abajo,6.0,7.5,7.0,7.5
fractura,fractura,293_391001201801020556_front.jpg,abajo,5.5,8.2,7.4,7.9
fractura,fractura,293_391001201801020556_side.jpg,abajo,3.4,8.0,4.8,8.1
fractura,fractura,294_284892201507260002_front.jpg,arriba,4.2,2.3,5.0,2.0
fractura,fractura,294_284892201507260002_side.jpg,abajo,4.4,8.2,5.1,8.3
fractura,fractura,295_204117201305230221_front.jpg,abajo,8.1,7.2,6.8,8.1
fractura,fractura,295_204117201305230221_side.jpg,abajo,3.9,7.2,5.1,7.1
fractura,fractura,296_245966201408110492_front.jpg,abajo,2.4,8.5,4.4,8.8
fractura,fractura,296_245966201408110492_side.jpg,abajo,2.6,7.2,3.6,7.4
fractura,fractura,297_631014202305290745_front.jpg,abajo,4.0,6.3,5.5,6.3
fractura,fractura,297_631014202305290745_side.jpg,abajo,3.2,6.4,4.4,6.4
fractura,fractura,298_346136201701090417_front.jpg,abajo,4.2,6.9,2.8,6.1
fractura,fractura,298_346136201701090417_side.jpg,arriba,2.7,3.1,3.6,2.9
fractura,fractura,299_378977201710040526_front.jpg,abajo,4.4,6.5,5.8,6.3
fractura,fractura,299_378977201710040526_side.jpg,abajo,3.3,8.0,4.7,8.3
fractura,fractura,300_297330201511070505_front.jpg,abajo,5.6,6.5,4.6,6.5
fractura,fractura,300_297330201511070505_side.jpg,abajo,5.3,7.8,5.9,7.7
fractura,fractura,301_469441201908010640_front.jpg,abajo,6.2,6.8,4.2,6.8
fractura,fractura,301_469441201908010640_side.jpg,abajo,5.1,7.5,6.1,7.5
fractura,fractura,302_478647201910040588_front.jpg,abajo,5.7,6.9,3.6,6.9
fractura,fractura,302_478647201910040588_side.jpg,abajo,6.0,7.4,6.7,7.2
fractura,fractura,303_464219201906280595_front.jpg,abajo,5.0,8.3,2.6,8.3
fractura,fractura,303_464219201906280595_side.jpg,abajo,4.9,7.4,6.3,7.3
fractura,fractura,304_274333201504270401_front.jpg,abajo,5.4,8.3,4.0,8.2
fractura,fractura,304_274333201504270401_side.jpg,abajo,4.3,6.8,4.7,6.8
fractura,fractura,305_291682202303040843_front.jpg,abajo,5.5,7.7,4.4,7.6
fractura,fractura,305_291682202303040843_side.jpg,abajo,4.8,7.7,5.5,7.6
fractura,fractura,306_285828201508010299_front.jpg,abajo,4.7,8.1,3.5,7.4
fractura,fractura,306_285828201508010299_side.jpg,abajo,5.7,8.0,6.1,7.9
fractura,fractura,307_253009201410120001_front.jpg,abajo,6.6,7.2,7.7,6.8
fractura,fractura,307_253009201410120001_side.jpg,abajo,2.6,8.2,3.6,8.5
fractura,fractura,308_438379201812120783_front.jpg,abajo,2.2,7.2,3.7,7.7
fractura,fractura,308_438379201812120783_side.jpg,abajo,3.4,7.7,4.4,8.0
fractura,fractura,309_454079201904140459_front.jpg,abajo,6.3,8.3,5.2,8.3
fractura,fractura,309_454079201904140459_side.jpg,abajo,4.5,8.1,5.4,8.3
fractura,fractura,310_424330201808310874_front.jpg,arriba,4.1,2.3,6.2,2.5
fractura,fractura,310_424330201808310874_side.jpg,arriba,4.8,2.3,5.7,2.3
fractura,fractura,311_351766201703030467_front.jpg,abajo,5.2,7.7,6.6,7.4
fractura,fractura,311_351766201703030467_side.jpg,abajo,3.1,6.0,3.9,6.3
fractura,fractura,312_412932201812050852_front.jpg,abajo,5.2,7.5,3.0,7.5
fractura,fractura,312_412932201812050852_side.jpg,abajo,4.5,8.2,5.4,8.3
fractura,fractura,313_494899202002240168_front.jpg,abajo,4.8,8.0,6.7,7.7
fractura,fractura,313_494899202002240168_side.jpg,abajo,3.2,7.3,4.0,7.8
fractura,fractura,314_619857202303140761_front.jpg,abajo,5.5,7.7,3.3,7.5
fractura,fractura,314_619857202303140761_side.jpg,abajo,4.6,8.1,5.8,7.9
fractura,fractura,315_629476202305200012_front.jpg,abajo,5.9,7.8,3.4,7.7
fractura,fractura,315_629476202305200012_side.jpg,abajo,4.4,7.7,5.9,7.6
fractura,fractura,316_517437202010200723_front.jpg,arriba,3.8,1.8,6.2,1.9
fractura,fractura,316_517437202010200723_side.jpg,arriba,3.9,2.0,4.7,1.9
fractura,fractura,317_376313201709140001_front.jpg,abajo,7.9,6.8,6.4,7.3
fractura,fractura,317_376313201709140001_side.jpg,abajo,3.6,7.3,5.1,7.1
fractura,fractura,318_298255201511150505_front.jpg,abajo,4.9,7.2,5.9,7.2
fractura,fractura,318_298255201511150505_side.jpg,abajo,4.4,7.6,4.9,7.6
fractura,fractura,319_555193202109040365_front.jpg,abajo,5.3,7.8,3.3,7.5
fractura,fractura,319_555193202109040365_side.jpg,abajo,4.7,7.9,5.8,7.9
fractura,fractura,320_252267201410050353_front.jpg,abajo,4.4,7.6,5.7,7.6
fractura,fractura,320_252267201410050353_side.jpg,abajo,5.3,7.7,6.1,7.9
fractura,fractura,321_588865202206280542_front.jpg,abajo,4.1,8.5,6.2,8.3
fractura,fractura,321_588865202206280542_side.jpg,abajo,4.5,8.6,6.3,8.7
fractura,fractura,322_220153201312140284_front.jpg,abajo,6.1,6.4,4.7,6.3
fractura,fractura,322_220153201312140284_side.jpg,abajo,6.0,7.9,6.9,7.9
fractura,fractura,323_256925201411150429_front.jpg,arriba,5.0,2.6,7.3,2.8
fractura,fractura,323_256925201411150429_side.jpg,arriba,5.9,3.1,6.5,3.3
fractura,fractura,324_420089201808040912_front.jpg,abajo,6.0,8.0,7.6,7.6
fractura,fractura,324_420089201808040912_side.jpg,abajo,4.3,7.8,5.3,7.8
fractura,fractura,325_555524202109060678_front.jpg,abajo,4.9,8.3,6.7,8.1
fractura,fractura,325_555524202109060678_side.jpg,abajo,4.5,7.5,5.7,7.4
fractura,fractura,327_504935202007060007_front.jpg,abajo,3.9,7.6,6.0,7.5
fractura,fractura,327_504935202007060007_side.jpg,abajo,2.8,7.3,3.4,7.7
fractura,fractura,328_380124201710130620_front.jpg,abajo,4.0,8.3,5.7,8.2
fractura,fractura,328_380124201710130620_side.jpg,abajo,3.4,7.5,4.4,7.7
fractura,fractura,329_209050201307310002_front.jpg,abajo,5.0,8.0,6.8,7.9
fractura,fractura,329_209050201307310002_side.jpg,abajo,3.0,7.0,3.9,7.1
fractura,fractura,330_464791201907020647_front.jpg,abajo,4.9,8.2,3.1,8.0
fractura,fractura,330_464791201907020647_side.jpg,abajo,5.1,7.8,6.1,7.7
fractura,fractura,331_572902202201310074_front.jpg,abajo,6.7,8.5,4.2,8.5
fractura,fractura,331_572902202201310074_side.jpg,abajo,2.8,7.7,4.1,7.9
fractura,fractura,332_630144202305240003_front.jpg,izq,1.9,6.5,2.9,7.5
fractura,fractura,332_630144202305240003_side.jpg,abajo,3.5,7.3,4.3,8.1
fractura,fractura,333_440623201812300386_front.jpg,abajo,7.6,7.1,6.1,7.9
fractura,fractura,333_440623201812300386_side.jpg,abajo,4.6,8.7,5.5,8.7
fractura,fractura,334_505695202007130006_front.jpg,abajo,4.6,7.8,2.9,7.6
fractura,fractura,334_505695202007130006_side.jpg,abajo,5.5,7.8,6.4,7.5
fractura,fractura,335_433016201811030837_front.jpg,abajo,4.2,8.1,6.1,8.2
fractura,fractura,335_433016201811030837_side.jpg,abajo,3.5,7.8,5.3,7.8
fractura,fractura,336_247323201408220006_front.jpg,abajo,6.2,8.8,7.1,8.1
fractura,fractura,337_551455202108070683_front.jpg,abajo,5.5,8.5,3.4,8.4
fractura,fractura,337_551455202108070683_side.jpg,abajo,4.0,8.6,5.6,8.5
fractura,fractura,338_517997202010250585_front.jpg,abajo,4.4,8.1,6.8,8.3
fractura,fractura,338_517997202010250585_side.jpg,abajo,3.7,8.1,5.0,8.1
fractura,fractura,339_649932202309220462_front.jpg,abajo,7.5,8.6,5.5,8.9
fractura,fractura,339_649932202309220462_side.jpg,abajo,4.7,8.5,5.9,8.3
fractura,fractura,340_253985201410200317_front.jpg,abajo,4.1,6.5,5.7,6.5
fractura,fractura,340_253985201410200317_side.jpg,abajo,4.9,6.1,5.8,6.3
fractura,fractura,341_547562202107130707_front.jpg,abajo,5.4,8.3,7.4,8.0
fractura,fractura,341_547562202107130707_side.jpg,abajo,3.7,8.0,5.0,8.0
fractura,fractura,342_253772201410190305_front.jpg,abajo,6.1,7.5,7.2,7.2
fractura,fractura,342_253772201410190305_side.jpg,abajo,4.7,5.9,5.3,6.0
fractura,fractura,343_322195201606210331_front.jpg,abajo,8.5,9.1,6.5,9.3
fractura,fractura,343_322195201606210331_side.jpg,abajo,2.6,8.6,4.2,8.8
fractura,fractura,344_447412201902230596_front.jpg,abajo,5.8,8.6,3.3,8.6
fractura,fractura,344_447412201902230596_side.jpg,abajo,5.2,8.2,6.3,8.2
fractura,fractura,345_355705201704070311_front.jpg,abajo,6.6,8.8,7.8,8.8
fractura,fractura,345_355705201704070311_side.jpg,izq,2.5,3.8,2.5,4.6
fractura,fractura,346_586003202206080391_front.jpg,abajo,3.7,8.8,6.0,8.8
fractura,fractura,346_586003202206080391_side.jpg,abajo,5.6,8.7,7.1,8.7
fractura,fractura,347_296915201511040002_front.jpg,arriba,4.5,2.6,5.6,2.6
fractura,fractura,347_296915201511040002_side.jpg,arriba,4.7,2.5,5.5,2.5
fractura,fractura,348_411732201806100013_side.jpg,abajo,1.6,7.6,2.4,8.0
fractura,fractura,349_521686202011280667_front.jpg,abajo,2.4,7.6,4.8,7.7
fractura,fractura,349_521686202011280667_side.jpg,abajo,4.4,8.0,5.6,8.0
fractura,fractura,350_627987202305100003_front.jpg,abajo,3.7,7.7,5.9,7.85
fractura,fractura,350_627987202305100003_side.jpg,abajo,4.0,7.8,5.6,7.8
fractura,fractura,351_397903201802270736_front.jpg,abajo,5.1,7.9,7.4,7.6
fractura,fractura,351_397903201802270736_side.jpg,abajo,5.8,8.05,7.2,7.95
fractura,fractura,352_504806202007050008_front.jpg,abajo,2.9,8.15,5.65,8.6
fractura,fractura,352_504806202007050008_side.jpg,abajo,5.2,8.5,6.6,8.15
fractura,fractura,353_486780201912020007_front.jpg,abajo,3.8,7.4,6.1,7.1
fractura,fractura,353_486780201912020007_side.jpg,abajo,1.9,7.3,3.5,7.4
fractura,fractura,354_563667202111140207_front.jpg,abajo,4.2,8.5,6.0,8.5
fractura,fractura,354_563667202111140207_side.jpg,abajo,5.5,8.7,7.0,8.5
fractura,fractura,355_518704202011010586_front.jpg,abajo,5.05,8.1,7.65,7.9
fractura,fractura,355_518704202011010586_side.jpg,abajo,5.4,8.3,6.5,8.2
fractura,fractura,356_447302201902230008_front.jpg,abajo,6.8,9.4,8.35,8.7
fractura,fractura,356_447302201902230008_side.jpg,abajo,3.85,8.4,5.0,8.6
fractura,fractura,357_323258201606300411_front.jpg,abajo,3.8,7.8,5.9,7.5
fractura,fractura,357_323258201606300411_side.jpg,abajo,5.55,7.6,7.1,7.4
fractura,fractura,358_610191202212130572_front.jpg,abajo,3.45,8.7,6.15,8.7
fractura,fractura,358_610191202212130572_side.jpg,abajo,4.0,8.1,5.95,8.1
fractura,fractura,359_253088201410120360_front.jpg,abajo,3.0,6.4,4.0,6.85
fractura,fractura,359_253088201410120360_side.jpg,abajo,3.1,6.3,4.4,6.3
fractura,fractura,360_411610201806090005_front.jpg,abajo,3.55,7.85,5.1,7.85
fractura,fractura,360_411610201806090005_side.jpg,abajo,3.95,7.35,5.5,7.35
fractura,fractura,361_397628201802250762_front.jpg,abajo,5.4,8.8,7.8,8.5
fractura,fractura,361_397628201802250762_side.jpg,abajo,3.8,8.75,5.3,8.75
fractura,fractura,362_577772202204010330_front.jpg,abajo,3.98,6.97,6.25,6.97
fractura,fractura,362_577772202204010330_side.jpg,abajo,4.3,7.6,5.4,7.6
fractura,fractura,363_283305201507130578_front.jpg,abajo,5.35,8.1,6.4,7.2
fractura,fractura,363_283305201507130578_side.jpg,der,7.3,4.2,7.3,4.75
fractura,fractura,364_346409201701120006_front.jpg,abajo,2.5,8.5,4.9,8.5
fractura,fractura,364_346409201701120006_side.jpg,abajo,2.0,7.8,3.4,7.8
fractura,fractura,365_543971202106100410_front.jpg,abajo,3.65,7.8,5.9,7.65
fractura,fractura,365_543971202106100410_side.jpg,abajo,4.4,7.25,5.9,7.25
fractura,fractura,366_646248202308280980_front.jpg,abajo,4.25,8.1,6.75,8.1
fractura,fractura,366_646248202308280980_side.jpg,abajo,2.85,8.15,4.7,8.15
fractura,fractura,367_456041201904290387_front.jpg,abajo,3.9,8.15,5.3,7.9
fractura,fractura,367_456041201904290387_side.jpg,abajo,5.3,8.4,6.2,8.4
fractura,fractura,368_562927202111070007_front.jpg,abajo,4.85,8.3,6.5,8.25
fractura,fractura,368_562927202111070007_side.jpg,abajo,4.1,8.6,5.15,8.6
fractura,fractura,369_217920201612110126_front.jpg,abajo,3.8,8.1,6.4,8.1
fractura,fractura,369_217920201612110126_side.jpg,abajo,3.75,8.2,5.0,8.2
fractura,fractura,370_411591201806080698_front.jpg,abajo,2.3,8.15,4.65,8.15
fractura,fractura,370_411591201806080698_side.jpg,abajo,6.8,8.15,7.5,7.1
fractura,fractura,371_531769202102250559_front.jpg,abajo,2.3,8.1,4.0,8.65
fractura,fractura,371_531769202102250559_side.jpg,abajo,7.5,8.2,8.25,7.6
fractura,fractura,372_644618202308180991_front.jpg,abajo,2.9,7.8,4.8,8.0
fractura,fractura,372_644618202308180991_side.jpg,abajo,6.15,7.15,7.0,6.5
fractura,fractura,373_541371202105190628_front.jpg,abajo,4.8,7.85,7.2,7.85
fractura,fractura,373_541371202105190628_side.jpg,abajo,4.8,7.9,5.9,7.9
fractura,fractura,374_539156202105030008_front.jpg,abajo,4.35,8.0,6.6,8.0
fractura,fractura,374_539156202105030008_side.jpg,abajo,2.9,8.35,3.9,8.65
fractura,fractura,375_645922202308280234_front.jpg,abajo,5.9,7.9,8.0,7.55
fractura,fractura,375_645922202308280234_side.jpg,abajo,2.15,7.45,3.5,7.7
fractura,fractura,376_212368201309110336_front.jpg,arriba,3.85,4.6,5.3,4.7
fractura,fractura,376_212368201309110336_side.jpg,abajo,4.85,6.7,6.25,6.7
fractura,fractura,377_224275201401290224_front.jpg,abajo,4.3,6.85,6.0,6.85
fractura,fractura,377_224275201401290224_side.jpg,abajo,3.15,6.55,4.0,6.95
fractura,fractura,378_541244202105190008_front.jpg,abajo,2.1,6.95,4.2,8.2
fractura,fractura,378_541244202105190008_side.jpg,abajo,4.85,8.0,6.1,7.7
fractura,fractura,379_396629201802140590_front.jpg,arriba,3.9,2.55,5.9,2.55
fractura,fractura,379_396629201802140590_side.jpg,arriba,4.6,1.8,5.7,1.8
fractura,fractura,380_195421201301080168_front.jpg,arriba,3.65,5.15,6.2,5.15
fractura,fractura,380_195421201301080168_side.jpg,arriba,4.2,5.3,5.5,5.3
fractura,fractura,381_601438202210030242_front.jpg,abajo,2.6,7.6,4.4,7.95
fractura,fractura,381_601438202210030242_side.jpg,abajo,4.8,7.4,6.45,7.4
fractura,fractura,382_250705201409200471_front.jpg,abajo,4.65,7.6,6.85,7.4
fractura,fractura,382_250705201409200471_side.jpg,abajo,4.3,5.9,5.3,5.65
fractura,fractura,383_205137201306070330_front.jpg,abajo,3.95,7.25,5.8,7.25
fractura,fractura,383_205137201306070330_side.jpg,abajo,3.25,7.15,4.1,7.5
fractura,fractura,384_416679201807140874_front.jpg,abajo,3.2,7.4,5.5,7.4
fractura,fractura,384_416679201807140874_side.jpg,abajo,5.7,7.9,6.9,7.65
fractura,fractura,385_260054201703250434_front.jpg,abajo,2.3,4.5,3.45,5.0
fractura,fractura,385_260054201703250434_side.jpg,abajo,3.7,7.05,5.3,7.05
fractura,fractura,386_211855201708270442_front.jpg,abajo,3.8,7.65,5.65,7.65
fractura,fractura,386_211855201708270442_side.jpg,abajo,5.0,8.3,6.3,8.15
fractura,fractura,387_563675202111120570_front.jpg,abajo,3.4,8.5,6.0,8.5
fractura,fractura,387_563675202111120570_side.jpg,abajo,4.1,8.15,5.65,8.15
fractura,fractura,388_197476201302060255_front.jpg,abajo,3.85,6.15,5.0,6.95
fractura,fractura,388_197476201302060255_side.jpg,abajo,3.7,6.55,5.5,6.55
fractura,fractura,389_489854201912250003_front.jpg,abajo,3.9,8.5,6.0,8.5
fractura,fractura,389_489854201912250003_side.jpg,abajo,3.7,8.0,4.8,7.9
fractura,fractura,390_283763202401110006_front.jpg,abajo,4.0,8.0,5.1,8.0
fractura,fractura,390_283763202401110006_side.jpg,abajo,4.1,8.5,5.1,8.5
fractura,fractura,391_360001201705120403_front.jpg,abajo,2.4,8.5,4.6,8.8
fractura,fractura,391_360001201705120403_side.jpg,abajo,4.1,8.6,5.5,8.6
fractura,fractura,392_593629202208020252_front.jpg,abajo,3.1,8.2,5.9,8.6
fractura,fractura,392_593629202208020252_side.jpg,abajo,5.0,8.4,6.3,8.4
fractura,fractura,393_451387202009170551_front.jpg,abajo,2.0,7.3,3.8,7.9
fractura,fractura,393_451387202009170551_side.jpg,abajo,5.6,8.2,6.6,8.2
fractura,fractura,394_241869201407140003_front.jpg,abajo,3.6,7.2,4.8,7.6
fractura,fractura,394_241869201407140003_side.jpg,abajo,4.3,6.3,5.2,6.3
fractura,fractura,395_212543201309140218_front.jpg,arriba,3.3,2.2,4.7,2.2
fractura,fractura,395_212543201309140218_side.jpg,abajo,4.7,7.0,5.6,7.0
fractura,fractura,396_425330201809080114_front.jpg,abajo,3.4,7.2,5.0,8.0
fractura,fractura,396_425330201809080114_side.jpg,abajo,3.9,7.2,5.0,7.2
fractura,fractura,397_240075201406290435_front.jpg,arriba,2.5,3.1,4.6,2.4
fractura,fractura,397_240075201406290435_side.jpg,arriba,3.2,3.7,4.1,3.7
fractura,fractura,398_618228202303020725_front.jpg,abajo,4.5,8.1,6.6,8.1
fractura,fractura,398_618228202303020725_side.jpg,abajo,3.8,7.8,5.1,7.8
fractura,fractura,399_197011201301300154_front.jpg,abajo,5.1,6.5,6.4,6.5
fractura,fractura,399_197011201301300154_side.jpg,abajo,2.2,7.4,3.5,7.4
fractura,fractura,400_623142202304060544_front.jpg,abajo,4.2,7.4,5.9,7.4
fractura,fractura,400_623142202304060544_side.jpg,abajo,4.8,8.3,5.9,8.3
fractura,fractura,401_342873201612110354_front.jpg,abajo,3.3,8.2,5.9,8.2
fractura,fractura,401_342873201612110354_side.jpg,abajo,5.0,6.5,6.3,6.5
fractura,fractura,402_587420202206170620_front.jpg,abajo,2.5,8.0,4.8,8.3
fractura,fractura,402_587420202206170620_side.jpg,abajo,3.9,8.0,5.2,8.1
fractura,fractura,403_644261202308160923_front.jpg,abajo,4.0,8.0,5.8,8.0
fractura,fractura,403_644261202308160923_side.jpg,abajo,4.9,8.4,5.9,8.4
fractura,fractura,404_655292202310310002_front.jpg,abajo,6.1,8.1,7.9,7.5
fractura,fractura,404_655292202310310002_side.jpg,abajo,5.7,7.8,6.9,7.7
fractura,fractura,405_264258201501210424_front.jpg,arriba,4.5,1.9,6.9,1.9
fractura,fractura,405_264258201501210424_side.jpg,arriba,4.2,2.0,5.5,2.0
fractura,fractura,406_423213201810240811_front.jpg,abajo,5.6,9.0,7.2,8.5
fractura,fractura,406_423213201810240811_side.jpg,abajo,1.0,7.4,1.9,7.9
fractura,fractura,407_583691202205210007_front.jpg,abajo,2.5,7.8,5.4,7.8
fractura,fractura,407_583691202205210007_side.jpg,abajo,2.6,8.8,3.8,8.8
fractura,fractura,408_456139201904290483_front.jpg,abajo,4.9,7.5,5.8,7.5
fractura,fractura,408_456139201904290483_side.jpg,abajo,4.4,6.8,5.1,6.8
fractura,fractura,409_624455202304160152_front.jpg,abajo,3.7,8.6,5.8,8.6
fractura,fractura,409_624455202304160152_side.jpg,abajo,4.0,8.4,5.1,8.4
fractura,fractura,410_676143202403300296_front.jpg,abajo,3.8,8.4,5.4,8.4
fractura,fractura,410_676143202403300296_side.jpg,abajo,4.2,8.4,5.3,8.4
fractura,fractura,411_580524202204240624_front.jpg,abajo,4.1,8.4,6.2,8.4
fractura,fractura,411_580524202204240624_side.jpg,abajo,3.0,8.1,4.2,8.5
fractura,fractura,412_501016202005230561_front.jpg,abajo,5.3,7.8,6.9,7.3
fractura,fractura,412_501016202005230561_side.jpg,abajo,4.5,7.8,5.4,7.7
fractura,fractura,413_586303202206100140_front.jpg,abajo,5.9,8.0,3.4,7.9
fractura,fractura,413_586303202206100140_side.jpg,abajo,4.3,8.4,5.9,8.5
fractura,fractura,414_490946202001020531_front.jpg,abajo,6.4,7.8,3.6,7.7
fractura,fractura,414_490946202001020531_side.jpg,abajo,3.5,7.5,4.8,7.6
fractura,fractura,415_558595202110010479_front.jpg,abajo,5.6,7.7,7.3,7.3
fractura,fractura,415_558595202110010479_side.jpg,abajo,3.4,7.8,4.7,7.8
fractura,fractura,416_572028202201230095_front.jpg,abajo,5.9,8.6,3.2,8.5
fractura,fractura,416_572028202201230095_side.jpg,abajo,4.1,7.9,5.7,7.9
fractura,fractura,417_677169202404060009_front.jpg,abajo,4.3,8.5,6.4,8.4
fractura,fractura,417_677169202404060009_side.jpg,abajo,3.9,8.2,5.2,8.3
fractura,fractura,418_298949201511210529_front.jpg,abajo,5.5,8.6,4.6,8.5
fractura,fractura,418_298949201511210529_side.jpg,abajo,4.7,8.3,5.7,8.3
fractura,fractura,419_586693202206130005_front.jpg,abajo,4.3,8.3,2.4,7.5
fractura,fractura,419_586693202206130005_side.jpg,abajo,5.3,8.4,6.4,8.4
fractura,fractura,420_614029202301280556_front.jpg,abajo,4.5,8.4,2.4,8.2
fractura,fractura,420_614029202301280556_side.jpg,abajo,4.0,8.6,5.4,8.6
fractura,fractura,421_484214201911120654_front.jpg,abajo,4.6,7.8,6.6,7.7
fractura,fractura,421_484214201911120654_side.jpg,abajo,3.1,8.1,5.1,8.1
fractura,fractura,422_280652201506220478_front.jpg,abajo,5.5,7.9,4.5,7.9
fractura,fractura,422_280652201506220478_side.jpg,abajo,5.2,6.6,5.8,6.4
fractura,fractura,423_196186202110200649_front.jpg,abajo,4.6,8.5,7.3,8.3
fractura,fractura,423_196186202110200649_side.jpg,abajo,4.0,8.5,5.2,8.5
fractura,fractura,424_336331201610140255_front.jpg,abajo,4.8,8.6,7.3,8.4
fractura,fractura,424_336331201610140255_side.jpg,abajo,4.1,8.3,5.2,8.5
fractura,fractura,425_254687201410260421_front.jpg,arriba,5.0,3.1,4.0,3.6
fractura,fractura,425_254687201410260421_side.jpg,arriba,4.9,3.4,4.3,3.7
fractura,fractura,426_378468201910230652_front.jpg,abajo,7.4,8.6,5.5,9.1
fractura,fractura,426_378468201910230652_side.jpg,abajo,4.3,8.9,6.4,8.7
fractura,fractura,427_629724202305230551_front.jpg,abajo,5.8,8.4,3.3,8.4
fractura,fractura,427_629724202305230551_side.jpg,abajo,3.9,8.2,5.0,8.1
fractura,fractura,428_576634202203100500_front.jpg,abajo,5.7,7.8,3.1,7.6
fractura,fractura,428_576634202203100500_side.jpg,abajo,5.3,8.0,6.7,8.0
fractura,fractura,429_581397202205030690_front.jpg,abajo,4.2,8.7,2.3,8.2
fractura,fractura,429_581397202205030690_side.jpg,abajo,3.8,8.9,4.9,8.8
fractura,fractura,430_494390202002050134_front.jpg,abajo,5.1,8.5,3.2,8.2
fractura,fractura,430_494390202002050134_side.jpg,abajo,5.7,8.5,6.8,8.5
fractura,fractura,431_581129202204300008_front.jpg,abajo,6.4,8.5,3.8,8.3
fractura,fractura,431_581129202204300008_side.jpg,abajo,4.7,8.2,6.1,8.1
fractura,fractura,432_484912202008080614_front.jpg,abajo,5.9,7.4,4.2,7.3
fractura,fractura,432_484912202008080614_side.jpg,abajo,2.7,7.4,4.0,7.9
fractura,fractura,433_464331201906290606_front.jpg,abajo,3.5,8.5,1.9,8.2
fractura,fractura,433_464331201906290606_side.jpg,abajo,4.7,8.5,6.3,8.4
fractura,fractura,434_191305201508010493_front.jpg,abajo,6.6,6.8,5.0,7.0
fractura,fractura,434_191305201508010493_side.jpg,abajo,3.9,8.5,4.9,8.4
fractura,fractura,435_315955201604270464_front.jpg,abajo,6.5,7.7,7.5,7.0
fractura,fractura,435_315955201604270464_side.jpg,abajo,4.2,7.5,5.3,7.5
fractura,fractura,436_659840202312010909_front.jpg,abajo,8.4,8.2,5.7,8.8
fractura,fractura,436_659840202312010909_side.jpg,abajo,3.2,8.5,5.1,8.4
fractura,fractura,437_352120201703070071_front.jpg,abajo,4.8,8.0,3.1,7.7
fractura,fractura,437_352120201703070071_side.jpg,abajo,6.4,7.2,7.4,7.2
fractura,fractura,438_532767202103080207_front.jpg,abajo,5.9,8.4,3.9,8.1
fractura,fractura,438_532767202103080207_side.jpg,abajo,4.5,7.7,5.6,7.6
fractura,fractura,439_236585201405290414_front.jpg,abajo,3.6,6.8,2.5,6.5
fractura,fractura,439_236585201405290414_side.jpg,der,7.2,6.4,7.2,7.2
fractura,fractura,440_302086201512200316_front.jpg,arriba,6.8,1.6,5.7,1.3
fractura,fractura,440_302086201512200316_side.jpg,arriba,4.3,1.7,5.1,1.6
fractura,fractura,441_622139202303300211_front.jpg,abajo,4.6,7.9,7.3,7.9
fractura,fractura,441_622139202303300211_side.jpg,abajo,4.8,8.1,6.0,8.0
fractura,fractura,442_552093202302230001_front.jpg,abajo,5.5,9.0,7.9,8.7
fractura,fractura,442_552093202302230001_side.jpg,abajo,4.8,8.2,5.9,8.2
fractura,fractura,443_247767201706050004_front.jpg,abajo,5.2,8.6,2.6,8.1
fractura,fractura,443_247767201706050004_side.jpg,abajo,2.8,8.8,3.8,8.7
fractura,fractura,444_266000201502040454_front.jpg,abajo,8.9,7.8,7.3,7.8
fractura,fractura,444_266000201502040454_side.jpg,abajo,7.1,7.6,7.7,7.5
fractura,fractura,445_533925202103180151_front.jpg,abajo,4.6,8.7,6.9,8.5
fractura,fractura,445_533925202103180151_side.jpg,abajo,4.1,7.7,5.2,7.6
fractura,fractura,446_450906201903210466_front.jpg,abajo,3.0,6.7,4.1,7.6
fractura,fractura,446_450906201903210466_side.jpg,abajo,3.7,7.3,4.7,7.4
fractura,fractura,447_333254201609160495_front.jpg,abajo,5.5,8.0,7.4,7.6
fractura,fractura,447_333254201609160495_side.jpg,abajo,2.9,7.4,4.4,7.4
fractura,fractura,448_392571201801150007_front.jpg,abajo,6.3,8.3,4.6,8.2
fractura,fractura,448_392571201801150007_side.jpg,abajo,3.5,8.2,4.5,8.2
fractura,fractura,449_554043202108260276_front.jpg,abajo,5.3,8.3,4.2,8.1
fractura,fractura,449_554043202108260276_side.jpg,abajo,4.8,8.8,5.7,8.7
fractura,fractura,450_642976202308091011_front.jpg,abajo,3.9,8.3,6.7,8.2
fractura,fractura,450_642976202308091011_side.jpg,abajo,4.0,7.9,5.7,8.0
fractura,fractura,451_191470201703230290_front.jpg,abajo,5.2,8.3,2.8,8.1
fractura,fractura,451_191470201703230290_side.jpg,abajo,4.7,8.0,6.1,7.9
fractura,fractura,452_622377202304030057_front.jpg,abajo,6.0,8.7,3.1,8.6
fractura,fractura,452_622377202304030057_side.jpg,abajo,5.8,8.6,7.2,8.6
fractura,fractura,453_605790202211080605_front.jpg,abajo,4.1,8.4,2.7,7.8
fractura,fractura,453_605790202211080605_side.jpg,abajo,5.7,7.7,7.4,7.6
fractura,fractura,454_593989202211160286_front.jpg,abajo,7.2,8.2,4.9,8.3
fractura,fractura,454_593989202211160286_side.jpg,abajo,4.0,8.1,5.5,8.1
fractura,fractura,455_253694201410180003_front.jpg,arriba,2.5,4.1,3.5,3.3
fractura,fractura,455_253694201410180003_side.jpg,abajo,2.1,6.4,2.8,6.8
fractura,fractura,456_589048202206300217_front.jpg,abajo,5.9,8.4,4.1,8.4
fractura,fractura,456_589048202206300217_side.jpg,abajo,4.0,8.6,4.9,8.6
fractura,fractura,457_198648201302280006_front.jpg,abajo,5.3,7.2,3.6,6.9
fractura,fractura,457_198648201302280006_side.jpg,abajo,3.5,7.4,5.0,7.0
fractura,fractura,458_660381202312070121_front.jpg,abajo,5.0,8.5,2.7,8.3
fractura,fractura,458_660381202312070121_side.jpg,abajo,5.3,8.6,7.2,8.5
fractura,fractura,459_243162201407220522_front.jpg,abajo,6.0,7.5,3.7,7.4
fractura,fractura,459_243162201407220522_side.jpg,abajo,4.2,7.9,5.3,7.9
fractura,fractura,460_501250202005250532_front.jpg,abajo,2.4,7.5,4.8,7.9
fractura,fractura,460_501250202005250532_side.jpg,abajo,2.7,8.1,4.4,8.2
fractura,fractura,461_452871201904050622_front.jpg,abajo,5.0,8.5,7.5,8.6
fractura,fractura,461_452871201904050622_side.jpg,abajo,2.4,8.1,4.3,8.0
fractura,fractura,462_658885202311260126_front.jpg,abajo,5.6,8.4,3.4,8.4
fractura,fractura,462_658885202311260126_side.jpg,abajo,5.1,8.4,6.3,8.3
fractura,fractura,463_309257201602290048_front.jpg,abajo,3.3,7.5,4.8,7.8
fractura,fractura,463_309257201602290048_side.jpg,abajo,3.6,8.0,4.6,8.0
fractura,fractura,464_255367201411010471_front.jpg,abajo,4.2,6.0,3.2,5.3
fractura,fractura,464_255367201411010471_side.jpg,abajo,5.2,6.8,6.3,6.8
fractura,fractura,465_446008201902120555_front.jpg,abajo,7.3,7.5,5.3,7.9
fractura,fractura,465_446008201902120555_side.jpg,abajo,4.5,8.3,5.5,8.3
fractura,fractura,466_506194202007170003_front.jpg,abajo,6.0,8.7,7.6,8.3
fractura,fractura,466_506194202007170003_side.jpg,abajo,4.5,8.9,5.4,8.9
fractura,fractura,467_389334201712200481_front.jpg,abajo,6.1,7.6,4.1,7.5
fractura,fractura,467_389334201712200481_side.jpg,abajo,5.5,7.6,6.4,7.6
fractura,fractura,468_199392201303110149_front.jpg,abajo,3.5,6.7,4.6,6.6
fractura,fractura,468_199392201303110149_side.jpg,abajo,4.0,6.9,4.9,6.9
fractura,fractura,469_355606201704060398_front.jpg,abajo,6.7,7.5,4.8,7.4
fractura,fractura,469_355606201704060398_side.jpg,abajo,4.2,8.2,5.2,8.2
fractura,fractura,470_321733201606180005_front.jpg,abajo,1.7,6.4,3.9,6.3
fractura,fractura,470_321733201606180005_side.jpg,izq,2.9,3.6,3.0,4.8
fractura,fractura,471_211434201308300001_front.jpg,arriba,4.9,1.5,2.8,1.6
fractura,fractura,471_211434201308300001_side.jpg,izq,2.8,3.7,2.8,4.7
fractura,fractura,472_236020201405240461_front.jpg,arriba,5.3,2.0,2.9,2.0
fractura,fractura,472_236020201405240461_side.jpg,arriba,4.5,3.1,3.5,3.4
fractura,fractura,473_397023201802200290_front.jpg,abajo,5.2,8.1,3.0,8.0
fractura,fractura,473_397023201802200290_side.jpg,abajo,5.8,8.4,6.8,8.3
fractura,fractura,474_340313201611180502_front.jpg,abajo,3.4,7.1,4.8,7.5
fractura,fractura,474_340313201611180502_side.jpg,abajo,3.8,7.4,5.1,7.4
fractura,fractura,475_198758201303020128_front.jpg,abajo,3.7,7.7,5.0,7.3
fractura,fractura,475_198758201303020128_side.jpg,abajo,3.7,7.7,4.4,7.5
fractura,fractura,476_350681202004040450_front.jpg,abajo,4.5,7.2,6.9,7.0
fractura,fractura,476_350681202004040450_side.jpg,izq,2.5,7.7,2.8,8.2
fractura,fractura,477_266678201502100428_front.jpg,abajo,6.3,8.1,4.4,8.0
fractura,fractura,477_266678201502100428_side.jpg,abajo,5.6,6.6,6.7,6.6
fractura,fractura,478_584468202205280074_front.jpg,abajo,4.9,8.2,7.1,8.0
fractura,fractura,478_584468202205280074_side.jpg,abajo,3.7,7.8,4.8,7.9
fractura,fractura,479_263008201501100267_front.jpg,abajo,3.35,8.1,5.05,8.1
fractura,fractura,479_263008201501100267_side.jpg,abajo,3.8,7.55,5.1,7.55
fractura,fractura,480_334251201609240528_front.jpg,abajo,4.55,8.3,6.9,7.9
fractura,fractura,480_334251201609240528_side.jpg,abajo,3.15,8.1,5.6,8.1
fractura,fractura,481_163779202008100654_front.jpg,abajo,2.25,7.5,4.4,7.8
fractura,fractura,481_163779202008100654_side.jpg,abajo,5.1,7.6,6.4,7.4
fractura,fractura,482_611130202212220318_front.jpg,abajo,3.5,8.4,5.15,8.4
fractura,fractura,482_611130202212220318_side.jpg,abajo,3.55,8.65,4.4,8.45
fractura,fractura,483_381113201710200764_front.jpg,abajo,2.95,7.65,5.4,7.65
fractura,fractura,483_381113201710200764_side.jpg,abajo,2.95,7.65,4.7,7.65
fractura,fractura,484_190086202101190004_front.jpg,abajo,2.6,8.5,5.05,8.7
fractura,fractura,484_190086202101190004_side.jpg,abajo,5.85,7.8,7.45,7.8
fractura,fractura,485_462249201906130607_front.jpg,der,6.25,8.2,6.8,7.0
fractura,fractura,485_462249201906130607_side.jpg,abajo,5.05,7.65,5.8,7.9
fractura,fractura,486_334893201609300007_front.jpg,abajo,3.98,7.9,5.45,7.9
fractura,fractura,486_334893201609300007_side.jpg,abajo,4.4,7.2,5.9,7.2
fractura,fractura,487_597939202208300009_front.jpg,abajo,4.5,7.8,6.65,7.8
fractura,fractura,487_597939202208300009_side.jpg,abajo,2.05,8.45,3.2,8.7
fractura,fractura,488_339607201611120516_front.jpg,abajo,4.3,8.05,6.4,8.05
fractura,fractura,488_339607201611120516_side.jpg,abajo,2.95,8.0,4.7,8.0
fractura,fractura,489_433637201811070818_front.jpg,abajo,4.75,7.75,7.0,7.75
fractura,fractura,489_433637201811070818_side.jpg,abajo,4.8,5.95,6.0,5.95
fractura,fractura,490_590164202207080570_side.jpg,abajo,5.35,8.15,7.1,8.15
fractura,fractura,491_393397202009240001_front.jpg,abajo,3.7,7.8,6.25,7.8
fractura,fractura,491_393397202009240001_side.jpg,abajo,2.55,7.35,4.55,7.35
fractura,fractura,492_392198201801110602_front.jpg,abajo,3.1,8.1,5.55,8.1
fractura,fractura,492_392198201801110602_side.jpg,abajo,2.7,8.15,4.7,8.15
fractura,fractura,493_428625201810020341_front.jpg,abajo,2.95,7.75,4.9,7.75
fractura,fractura,493_428625201810020341_side.jpg,abajo,3.55,8.1,5.2,8.1
fractura,fractura,494_206659201307010005_front.jpg,arriba,4.25,3.1,6.5,3.1
fractura,fractura,494_206659201307010005_side.jpg,abajo,5.75,7.1,6.95,6.85
fractura,fractura,495_616813202302200705_front.jpg,abajo,3.3,7.75,5.9,7.75
fractura,fractura,495_616813202302200705_side.jpg,abajo,2.95,7.7,4.95,7.7
fractura,fractura,496_539477202105050645_front.jpg,abajo,3.85,8.85,6.7,8.85
fractura,fractura,496_539477202105050645_side.jpg,abajo,3.25,8.8,4.65,8.8
fractura,fractura,497_530629202102120105_front.jpg,abajo,1.8,7.6,3.0,8.0
fractura,fractura,497_530629202102120105_side.jpg,abajo,4.7,8.3,6.1,8.3
fractura,fractura,498_271665201504040438_front.jpg,abajo,3.8,6.3,6.15,6.65
fractura,fractura,498_271665201504040438_side.jpg,abajo,5.85,6.7,6.7,6.4
fractura,fractura,499_482155201910290005_front.jpg,abajo,4.1,7.65,6.7,7.45
fractura,fractura,499_482155201910290005_side.jpg,abajo,4.4,6.95,5.55,6.95
fractura,fractura,500_204733201306010359_front.jpg,abajo,2.4,7.6,4.6,7.8
fractura,fractura,500_204733201306010359_side.jpg,abajo,2.7,7.25,4.1,7.25
fractura,reserva/fractura,501_331456201609010006_front.jpg,arriba,3.2,2.2,6.1,1.95
fractura,reserva/fractura,501_331456201609010006_side.jpg,arriba,4.15,2.55,5.3,2.55
fractura,reserva/fractura,502_557976202109260669_front.jpg,abajo,4.7,8.2,7.05,7.7
fractura,reserva/fractura,502_557976202109260669_side.jpg,abajo,3.9,7.9,5.45,7.9
no_fractura,no_fractura,001_248275201408290460_front.jpg,abajo,5.4,6.3,6.5,6.3
no_fractura,no_fractura,002_226107201402220430_side.jpg,abajo,4.6,6.9,5.3,6.9
no_fractura,no_fractura,003_312435201603270520_side.jpg,abajo,5.9,7.8,6.8,7.5
no_fractura,no_fractura,005_588131202206230002_front.jpg,abajo,2.7,8.2,1.1,7.6
no_fractura,no_fractura,005_588131202206230002_side.jpg,abajo,5.0,8.4,6.2,8.4
no_fractura,no_fractura,007_664836202401080009_front.jpg,abajo,3.6,8.9,5.3,8.9
no_fractura,no_fractura,007_664836202401080009_side.jpg,abajo,4.2,8.6,5.4,8.6
no_fractura,no_fractura,008_268648201503070311_front.jpg,abajo,4.9,4.1,5.8,4.1
no_fractura,no_fractura,008_268648201503070311_side.jpg,abajo,7.7,8.4,8.6,8.4
no_fractura,no_fractura,010_366135202001220286_front.jpg,abajo,4.8,8.2,3.1,7.9
no_fractura,no_fractura,010_366135202001220286_side.jpg,abajo,3.3,8.1,4.6,8.1
no_fractura,no_fractura,011_485177201911190651_front.jpg,abajo,5.9,8.9,7.6,8.3
no_fractura,no_fractura,011_485177201911190651_side.jpg,abajo,2.0,7.6,2.8,7.9
no_fractura,no_fractura,012_334638201609270404_front.jpg,arriba,4.2,2.2,6.0,2.2
no_fractura,no_fractura,012_334638201609270404_side.jpg,arriba,4.3,1.6,5.4,1.6
no_fractura,no_fractura,015_574050202202150005_front.jpg,abajo,5.0,7.8,3.9,7.7
no_fractura,no_fractura,015_574050202202150005_side.jpg,abajo,5.1,7.9,5.7,7.9
no_fractura,no_fractura,016_255974201411060372_front.jpg,abajo,3.0,7.6,4.4,7.7
no_fractura,no_fractura,017_378788201710020479_front.jpg,abajo,6.0,8.5,3.8,8.3
no_fractura,no_fractura,018_600589202209260110_front.jpg,abajo,4.0,8.2,6.3,8.2
no_fractura,no_fractura,018_600589202209260110_side.jpg,abajo,3.9,8.7,5.3,8.7
no_fractura,no_fractura,020_249246201409070400_front.jpg,izq,3.1,5.8,3.5,6.8
no_fractura,no_fractura,021_540803202105160010_front.jpg,abajo,6.5,7.9,7.5,7.1
no_fractura,no_fractura,021_540803202105160010_side.jpg,abajo,3.5,7.9,4.7,7.9
no_fractura,no_fractura,025_213793201310020005_front.jpg,abajo,4.7,7.6,3.4,7.5
no_fractura,no_fractura,025_213793201310020005_side.jpg,abajo,6.1,7.4,6.6,7.4
no_fractura,no_fractura,026_609089202212040701_front.jpg,abajo,3.3,8.5,5.9,8.4
no_fractura,no_fractura,026_609089202212040701_side.jpg,abajo,3.3,8.3,4.6,8.3
no_fractura,no_fractura,028_409482201805230729_front.jpg,abajo,4.3,9.2,6.2,9.0
no_fractura,no_fractura,028_409482201805230729_side.jpg,abajo,3.0,9.0,4.2,9.0
no_fractura,no_fractura,029_315671201604250324_front.jpg,abajo,3.6,8.3,2.4,7.7
no_fractura,no_fractura,031_553568202108230165_front.jpg,abajo,4.7,7.7,5.6,7.6
no_fractura,no_fractura,032_552904202108180280_front.jpg,abajo,6.2,8.0,3.4,7.9
no_fractura,no_fractura,033_432416201810290736_front.jpg,abajo,2.9,7.7,4.7,7.6
no_fractura,no_fractura,037_592747202207260161_side.jpg,abajo,3.6,9.2,4.9,9.2
no_fractura,no_fractura,038_341131201611250451_side.jpg,abajo,3.8,7.7,5.0,7.7
no_fractura,no_fractura,039_303351201601010395_front.jpg,arriba,5.7,1.7,4.6,1.8
no_fractura,no_fractura,039_303351201601010395_side.jpg,arriba,5.6,2.2,6.3,2.2
no_fractura,no_fractura,040_313183202108110011_front.jpg,abajo,4.2,8.7,6.7,8.5
no_fractura,no_fractura,040_313183202108110011_side.jpg,abajo,4.4,8.1,5.6,8.1
no_fractura,no_fractura,042_221235201312280165_front.jpg,abajo,4.5,6.8,6.2,6.6
no_fractura,no_fractura,043_311159201603170139_side.jpg,abajo,5.1,7.2,5.8,7.2
no_fractura,no_fractura,044_340320201611190003_front.jpg,abajo,4.3,8.4,6.5,8.1
no_fractura,no_fractura,044_340320201611190003_side.jpg,abajo,3.5,8.6,4.6,8.6
no_fractura,no_fractura,046_328055201608060002_side.jpg,abajo,5.0,7.6,5.9,7.6
no_fractura,no_fractura,047_353562201703190001_front.jpg,abajo,4.0,8.0,2.8,7.5
no_fractura,no_fractura,047_353562201703190001_side.jpg,abajo,4.5,8.0,5.4,7.9
no_fractura,no_fractura,048_535569202104020241_front.jpg,abajo,4.6,8.8,6.4,8.8
no_fractura,no_fractura,048_535569202104020241_side.jpg,abajo,5.8,8.6,7.0,8.6
no_fractura,no_fractura,050_227481201403080002_front.jpg,abajo,6.1,9.1,3.7,8.9
no_fractura,no_fractura,050_227481201403080002_side.jpg,abajo,4.3,8.9,5.6,8.9
no_fractura,no_fractura,053_581027202204290006_front.jpg,abajo,5.0,8.3,3.4,7.9
no_fractura,no_fractura,053_581027202204290006_side.jpg,abajo,5.0,7.4,5.9,7.4
no_fractura,no_fractura,054_561715202303180165_front.jpg,abajo,6.8,8.1,4.7,8.0
no_fractura,no_fractura,054_561715202303180165_side.jpg,abajo,4.9,8.6,6.2,8.5
no_fractura,no_fractura,055_581025202204290001_front.jpg,abajo,3.3,8.0,2.3,7.1
no_fractura,no_fractura,055_581025202204290001_side.jpg,abajo,5.4,7.8,6.4,7.8
no_fractura,no_fractura,057_525618202208290541_front.jpg,abajo,4.2,8.2,6.3,8.0
no_fractura,no_fractura,057_525618202208290541_side.jpg,abajo,4.1,7.4,5.2,7.4
no_fractura,no_fractura,058_623462202402010802_front.jpg,abajo,3.4,8.0,2.4,7.2
no_fractura,no_fractura,058_623462202402010802_side.jpg,abajo,7.6,8.5,8.3,8.1
no_fractura,no_fractura,059_517772202010240007_front.jpg,abajo,5.6,8.3,7.5,8.1
no_fractura,no_fractura,059_517772202010240007_side.jpg,abajo,4.0,7.8,4.8,7.9
no_fractura,no_fractura,061_200655201303300001_front.jpg,abajo,5.2,7.9,6.8,7.8
no_fractura,no_fractura,061_200655201303300001_side.jpg,abajo,4.6,7.7,5.5,7.8
no_fractura,no_fractura,064_241876201604090541_front.jpg,arriba,2.6,1.3,1.0,2.2
no_fractura,no_fractura,064_241876201604090541_side.jpg,arriba,7.2,1.4,8.1,1.6
no_fractura,no_fractura,066_617136202302220647_front.jpg,abajo,5.5,8.7,7.2,8.6
no_fractura,no_fractura,066_617136202302220647_side.jpg,abajo,3.7,8.3,4.9,8.3
no_fractura,no_fractura,067_251374201409260348_front.jpg,abajo,3.1,8.1,5.3,8.0
no_fractura,no_fractura,067_251374201409260348_side.jpg,abajo,5.7,9.0,6.6,8.9
no_fractura,no_fractura,068_238731201506070159_front.jpg,abajo,4.0,8.2,5.4,7.9
no_fractura,no_fractura,069_279204201506090445_front.jpg,arriba,6.7,1.9,8.0,2.5
no_fractura,no_fractura,070_200594201303280281_front.jpg,izq,2.7,6.1,2.8,4.3
no_fractura,no_fractura,072_574321202202160750_side.jpg,abajo,3.9,8.6,4.9,8.7
no_fractura,no_fractura,073_619851202303150227_side.jpg,abajo,5.6,9.1,6.5,8.9
no_fractura,no_fractura,075_437908201812090900_front.jpg,abajo,4.5,8.1,6.6,8.0
no_fractura,no_fractura,075_437908201812090900_side.jpg,abajo,4.0,7.5,5.0,7.5
no_fractura,no_fractura,076_481590201910240580_front.jpg,abajo,4.4,8.3,6.7,8.3
no_fractura,no_fractura,076_481590201910240580_side.jpg,abajo,5.2,8.2,6.6,8.2
no_fractura,no_fractura,078_222007201401060006_front.jpg,abajo,2.3,7.9,4.4,7.8
no_fractura,no_fractura,078_222007201401060006_side.jpg,abajo,4.6,7.3,5.6,7.3
no_fractura,no_fractura,079_428762201810040009_side.jpg,arriba,4.6,1.6,5.5,1.6
no_fractura,no_fractura,080_230415201404050001_front.jpg,abajo,4.7,8.0,3.2,7.7
no_fractura,no_fractura,080_230415201404050001_side.jpg,abajo,5.9,6.8,6.8,6.5
no_fractura,no_fractura,081_365586201706280342_front.jpg,abajo,4.4,8.1,3.1,7.8
no_fractura,no_fractura,081_365586201706280342_side.jpg,abajo,5.3,8.3,6.4,8.1
no_fractura,no_fractura,082_324271201607080528_front.jpg,abajo,5.0,7.9,3.2,7.7
no_fractura,no_fractura,084_211011201308240245_side.jpg,abajo,4.4,6.6,5.6,6.6
no_fractura,no_fractura,086_580405202204230782_front.jpg,abajo,2.1,8.2,5.0,8.0
no_fractura,no_fractura,086_580405202204230782_side.jpg,abajo,4.6,8.4,6.0,8.4
no_fractura,no_fractura,087_596164202208170467_front.jpg,abajo,0.6,8.4,2.3,9.1
no_fractura,no_fractura,087_596164202208170467_side.jpg,abajo,3.0,8.9,4.5,8.8
no_fractura,no_fractura,088_380997201710190631_front.jpg,abajo,2.9,8.2,5.0,8.4
no_fractura,no_fractura,088_380997201710190631_side.jpg,abajo,4.3,8.5,5.6,8.3
no_fractura,no_fractura,089_247654201408240430_side.jpg,der,6.9,3.7,7.1,4.4
no_fractura,no_fractura,091_289749201508300425_front.jpg,abajo,4.8,8.2,5.7,8.0
no_fractura,no_fractura,092_253099201410130129_front.jpg,abajo,4.4,7.4,6.3,7.4
no_fractura,no_fractura,093_590965202207130708_front.jpg,abajo,4.0,7.6,6.2,7.7
no_fractura,no_fractura,094_637140202307110377_front.jpg,abajo,3.4,8.1,4.9,8.4
no_fractura,no_fractura,095_330788201608270005_front.jpg,abajo,4.4,7.2,6.0,6.9
no_fractura,no_fractura,095_330788201608270005_side.jpg,abajo,4.2,7.6,5.4,7.7
no_fractura,no_fractura,096_634009202306180554_front.jpg,abajo,4.6,8.9,6.5,8.8
no_fractura,no_fractura,096_634009202306180554_side.jpg,abajo,2.3,8.5,3.2,8.9
no_fractura,no_fractura,098_562913202111080228_side.jpg,abajo,4.4,8.2,5.4,8.2
no_fractura,no_fractura,100_254211201410220270_front.jpg,abajo,3.7,7.4,5.2,7.5
no_fractura,no_fractura,101_467984201907230737_front.jpg,abajo,4.0,8.4,6.6,8.4
no_fractura,no_fractura,102_275278201505050453_side.jpg,abajo,6.5,7.0,7.2,6.4
no_fractura,no_fractura,103_377235201709200671_front.jpg,abajo,3.4,8.5,6.0,8.3
no_fractura,no_fractura,103_377235201709200671_side.jpg,abajo,3.2,8.7,4.6,8.7
no_fractura,no_fractura,104_541565202105210605_front.jpg,abajo,4.3,8.5,6.5,8.2
no_fractura,no_fractura,107_238334201406140432_front.jpg,abajo,4.8,6.1,6.5,6.1
no_fractura,no_fractura,107_238334201406140432_side.jpg,izq,2.9,6.0,3.1,6.7
no_fractura,no_fractura,111_147197201508200003_front.jpg,abajo,2.7,6.4,4.3,6.4
no_fractura,no_fractura,111_147197201508200003_side.jpg,arriba,1.8,3.35,2.65,2.8
no_fractura,no_fractura,112_574631202202210099_front.jpg,abajo,3.9,7.6,6.2,7.5
no_fractura,no_fractura,112_574631202202210099_side.jpg,abajo,3.45,7.75,5.0,7.8
no_fractura,no_fractura,115_274610201504300006_front.jpg,abajo,8.05,6.65,9.1,6.2
no_fractura,no_fractura,118_646055202308270914_side.jpg,abajo,4.7,8.4,6.15,8.45
no_fractura,no_fractura,119_258436201411280419_front.jpg,abajo,5.0,9.1,6.8,9.1
no_fractura,no_fractura,119_258436201411280419_side.jpg,abajo,4.85,7.75,6.1,7.7
no_fractura,no_fractura,120_331545201609020002_front.jpg,abajo,3.6,7.1,5.7,7.05
no_fractura,no_fractura,120_331545201609020002_side.jpg,abajo,5.05,7.7,6.75,7.5
no_fractura,no_fractura,123_270816201503270364_front.jpg,izq,2.6,4.6,2.75,5.85
no_fractura,no_fractura,125_514741202208050538_front.jpg,abajo,3.6,8.4,5.9,8.15
no_fractura,no_fractura,125_514741202208050538_side.jpg,abajo,2.9,8.4,4.45,8.3
no_fractura,no_fractura,127_200860201304020123_front.jpg,abajo,7.0,7.0,8.9,6.5
no_fractura,no_fractura,127_200860201304020123_side.jpg,abajo,5.7,5.8,6.85,5.7
no_fractura,no_fractura,128_517727202010230328_side.jpg,abajo,5.7,8.0,6.9,8.1
no_fractura,no_fractura,130_659697202312010015_front.jpg,abajo,3.7,8.1,5.6,8.1
no_fractura,no_fractura,132_496344202003250344_front.jpg,abajo,2.7,8.3,5.4,8.1
no_fractura,no_fractura,132_496344202003250344_side.jpg,abajo,4.1,8.4,5.7,8.2
no_fractura,no_fractura,133_229071201403230171_front.jpg,abajo,3.0,7.7,4.35,8.3
no_fractura,no_fractura,134_620916202303220196_front.jpg,abajo,3.0,8.2,5.05,8.05
no_fractura,no_fractura,134_620916202303220196_side.jpg,abajo,3.1,8.2,4.75,8.4
no_fractura,no_fractura,135_590445202310140006_front.jpg,abajo,4.85,8.6,6.85,8.5
no_fractura,no_fractura,135_590445202310140006_side.jpg,abajo,4.65,8.6,5.85,8.5
no_fractura,no_fractura,136_426929201809190719_front.jpg,abajo,3.85,8.85,5.9,9.0
no_fractura,no_fractura,136_426929201809190719_side.jpg,abajo,5.45,9.3,6.75,9.1
no_fractura,no_fractura,137_511553202008270656_front.jpg,abajo,4.8,8.85,6.5,8.6
no_fractura,no_fractura,138_558793202110040439_front.jpg,abajo,5.1,8.4,7.6,8.5
no_fractura,no_fractura,138_558793202110040439_side.jpg,abajo,4.5,8.75,5.9,8.8
no_fractura,no_fractura,139_503815202006220481_side.jpg,abajo,4.8,8.45,6.05,8.45
no_fractura,no_fractura,143_633178202306120842_front.jpg,abajo,1.6,7.4,3.2,8.0
no_fractura,no_fractura,143_633178202306120842_side.jpg,abajo,4.75,8.8,6.3,8.65
no_fractura,no_fractura,146_257624201411220007_front.jpg,abajo,3.65,6.5,5.3,6.3
no_fractura,no_fractura,150_426941201809200007_front.jpg,abajo,1.62,7.3,2.96,8.05
no_fractura,no_fractura,150_426941201809200007_side.jpg,arriba,2.0,2.75,3.0,2.5
no_fractura,no_fractura,151_301994201512190311_front.jpg,abajo,4.57,7.3,5.3,7.2
no_fractura,no_fractura,153_336377201610140407_front.jpg,abajo,2.85,8.7,5.2,8.6
no_fractura,no_fractura,153_336377201610140407_side.jpg,izq,1.7,6.7,1.5,7.5
no_fractura,no_fractura,158_570198202201070456_front.jpg,abajo,5.1,8.6,6.4,8.45
no_fractura,no_fractura,158_570198202201070456_side.jpg,abajo,6.6,8.85,7.1,8.7
no_fractura,no_fractura,159_363615202011090627_front.jpg,abajo,4.8,8.7,6.75,8.55
no_fractura,no_fractura,159_363615202011090627_side.jpg,abajo,4.5,8.5,6.1,8.35
no_fractura,no_fractura,160_203085201305070344_front.jpg,arriba,5.0,2.7,6.4,2.8
no_fractura,no_fractura,160_203085201305070344_side.jpg,der,8.03,3.3,8.08,4.4
no_fractura,no_fractura,163_582845202205140753_front.jpg,abajo,4.8,8.2,7.4,8.2
no_fractura,no_fractura,163_582845202205140753_side.jpg,abajo,4.6,8.2,5.9,8.1
no_fractura,no_fractura,164_314337201604140304_front.jpg,arriba,5.05,2.05,6.9,1.97
no_fractura,no_fractura,164_314337201604140304_side.jpg,arriba,6.77,2.5,7.57,2.67
no_fractura,no_fractura,165_484474201911140371_front.jpg,abajo,2.0,7.8,4.65,7.95
no_fractura,no_fractura,166_389715201712230734_front.jpg,abajo,4.9,8.2,7.15,8.1
no_fractura,no_fractura,166_389715201712230734_side.jpg,abajo,4.5,7.7,6.1,7.6
no_fractura,no_fractura,168_229928201506240034_side.jpg,izq,1.9,3.4,2.4,2.75
no_fractura,no_fractura,170_604593202210310455_front.jpg,abajo,4.0,8.2,5.95,8.2
no_fractura,no_fractura,170_604593202210310455_side.jpg,abajo,4.5,8.1,6.0,8.0
no_fractura,no_fractura,171_229825202206150215_side.jpg,abajo,3.3,8.5,4.6,8.45
no_fractura,no_fractura,174_361620201705260003_front.jpg,abajo,2.3,9.0,4.35,9.3
no_fractura,no_fractura,175_405596201804250001_front.jpg,abajo,4.26,8.0,6.1,7.6
no_fractura,no_fractura,176_323472201607020340_front.jpg,abajo,1.3,6.0,2.4,6.6
no_fractura,no_fractura,178_300587201512060517_front.jpg,abajo,4.36,9.05,5.67,8.95
no_fractura,no_fractura,178_300587201512060517_side.jpg,abajo,5.2,8.2,6.1,8.05
no_fractura,no_fractura,179_558741202110040009_front.jpg,abajo,3.15,7.8,4.5,8.1
no_fractura,no_fractura,179_558741202110040009_side.jpg,abajo,5.1,7.8,6.4,7.65
no_fractura,no_fractura,181_520944202011210695_front.jpg,abajo,5.05,8.7,7.4,8.4
no_fractura,no_fractura,181_520944202011210695_side.jpg,abajo,5.6,8.5,7.4,8.4
no_fractura,no_fractura,182_336573201610160504_front.jpg,abajo,2.0,8.4,3.4,8.8
no_fractura,no_fractura,182_336573201610160504_side.jpg,abajo,5.2,8.1,6.45,8.05
no_fractura,no_fractura,184_383417201711060789_front.jpg,abajo,4.2,8.2,6.1,8.1
no_fractura,no_fractura,184_383417201711060789_side.jpg,abajo,4.7,7.75,6.5,7.5
no_fractura,no_fractura,188_644082202308170398_front.jpg,abajo,4.5,8.6,6.3,8.35
no_fractura,no_fractura,188_644082202308170398_side.jpg,abajo,3.6,8.15,4.8,8.05
no_fractura,no_fractura,192_200485201303270175_front.jpg,abajo,3.8,5.8,5.3,5.7
no_fractura,no_fractura,192_200485201303270175_side.jpg,abajo,4.6,7.3,5.4,7.4
no_fractura,no_fractura,196_451454201903260007_front.jpg,abajo,3.2,8.6,4.9,8.7
no_fractura,no_fractura,196_451454201903260007_side.jpg,abajo,3.8,8.7,4.6,8.7
no_fractura,no_fractura,197_470468201908080006_side.jpg,abajo,3.8,8.4,4.9,8.5
no_fractura,no_fractura,200_617412202302240640_front.jpg,abajo,4.0,8.4,6.4,8.4
no_fractura,no_fractura,200_617412202302240640_side.jpg,abajo,3.4,8.8,4.9,8.8
no_fractura,no_fractura,203_604508202210290874_front.jpg,abajo,3.4,8.4,5.5,8.3
no_fractura,no_fractura,203_604508202210290874_side.jpg,abajo,3.9,8.8,5.6,8.8
no_fractura,no_fractura,204_499141202005020368_front.jpg,abajo,1.6,7.5,3.7,7.8
no_fractura,no_fractura,204_499141202005020368_side.jpg,abajo,4.8,8.3,6.2,8.3
no_fractura,no_fractura,207_615681202302110868_front.jpg,abajo,2.8,8.8,5.0,8.8
no_fractura,no_fractura,207_615681202302110868_side.jpg,abajo,3.9,8.8,5.2,8.8
no_fractura,no_fractura,208_341487201611290005_front.jpg,arriba,3.3,1.6,6.2,1.5
no_fractura,no_fractura,208_341487201611290005_side.jpg,izq,2.4,4.8,3.0,4.2
no_fractura,no_fractura,210_505454202007100300_front.jpg,abajo,4.6,8.5,6.9,8.2
no_fractura,no_fractura,216_295231201510190356_side.jpg,arriba,3.4,2.5,4.0,2.5
no_fractura,no_fractura,217_334370201609250488_front.jpg,abajo,3.5,8.2,6.6,8.2
no_fractura,no_fractura,217_334370201609250488_side.jpg,abajo,5.6,8.3,6.9,8.3
no_fractura,no_fractura,218_262757201501090063_front.jpg,abajo,5.7,7.1,7.3,6.7
no_fractura,no_fractura,218_262757201501090063_side.jpg,abajo,6.2,7.0,7.0,7.0
no_fractura,no_fractura,219_249124201409060358_front.jpg,izq,2.4,5.9,3.3,6.6
no_fractura,no_fractura,219_249124201409060358_side.jpg,abajo,5.4,8.0,7.0,8.0
no_fractura,no_fractura,220_295716201604260452_side.jpg,abajo,2.8,7.5,3.7,7.5
no_fractura,no_fractura,221_597925202208310410_front.jpg,abajo,3.3,7.3,4.7,7.6
no_fractura,no_fractura,222_483091201911040625_side.jpg,abajo,5.5,7.8,6.2,7.8
no_fractura,no_fractura,223_606513202211140427_front.jpg,abajo,1.3,7.4,2.3,8.3
no_fractura,no_fractura,224_301351201512130370_front.jpg,abajo,3.8,7.5,4.7,7.4
no_fractura,no_fractura,230_622209202303300656_front.jpg,abajo,3.3,7.9,5.9,8.0
no_fractura,no_fractura,230_622209202303300656_side.jpg,abajo,4.9,8.4,6.2,8.4
no_fractura,no_fractura,231_585674202206070161_side.jpg,abajo,3.2,8.2,4.4,8.2
no_fractura,no_fractura,232_552244202307050128_front.jpg,abajo,3.4,8.5,5.9,8.5
no_fractura,no_fractura,232_552244202307050128_side.jpg,abajo,5.8,8.8,6.9,8.8
no_fractura,no_fractura,233_588127202206240162_front.jpg,abajo,5.0,8.1,6.7,7.8
no_fractura,no_fractura,233_588127202206240162_side.jpg,abajo,2.8,7.8,3.6,8.3
no_fractura,no_fractura,235_235984201405240242_front.jpg,abajo,2.8,6.6,4.2,6.9
no_fractura,no_fractura,235_235984201405240242_side.jpg,abajo,3.4,6.9,4.3,7.0
no_fractura,no_fractura,236_573517202202100173_side.jpg,abajo,3.5,8.2,4.7,8.3
no_fractura,no_fractura,237_351495202105010515_front.jpg,abajo,3.5,8.1,5.8,8.3
no_fractura,no_fractura,237_351495202105010515_side.jpg,abajo,4.3,8.8,5.5,8.8
no_fractura,no_fractura,239_406821201805050008_front.jpg,abajo,3.3,8.8,5.5,9.0
no_fractura,no_fractura,242_562575202111040002_side.jpg,abajo,5.5,8.4,6.4,8.3
no_fractura,no_fractura,244_505582202007120147_front.jpg,abajo,3.9,7.8,6.0,7.8
no_fractura,no_fractura,244_505582202007120147_side.jpg,abajo,4.1,8.4,5.7,8.4
no_fractura,no_fractura,245_591289202207170294_side.jpg,abajo,3.8,8.5,4.7,8.5
no_fractura,no_fractura,248_554508202108300010_front.jpg,abajo,4.4,8.9,5.4,8.7
no_fractura,no_fractura,250_529155202101310711_side.jpg,abajo,3.5,9.0,4.6,9.2
no_fractura,no_fractura,251_389805201712240501_front.jpg,abajo,2.4,7.5,4.3,8.1
no_fractura,no_fractura,251_389805201712240501_side.jpg,abajo,4.4,8.0,5.3,8.0
no_fractura,no_fractura,252_193668201407150448_front.jpg,abajo,5.9,6.5,7.3,6.7
no_fractura,no_fractura,252_193668201407150448_side.jpg,izq,3.3,5.3,3.6,6.0
no_fractura,no_fractura,253_512208202009020388_front.jpg,abajo,3.8,8.6,6.1,8.7
no_fractura,no_fractura,253_512208202009020388_side.jpg,abajo,4.7,8.7,6.3,8.7
no_fractura,no_fractura,256_461202201906060021_front.jpg,abajo,4.2,9.1,5.6,9.1
no_fractura,no_fractura,256_461202201906060021_side.jpg,abajo,4.6,9.0,5.6,9.0
no_fractura,no_fractura,258_537715202104200521_front.jpg,abajo,3.8,8.4,6.4,8.4
no_fractura,no_fractura,258_537715202104200521_side.jpg,abajo,3.9,8.4,5.3,8.4
no_fractura,no_fractura,259_217583201311140285_front.jpg,arriba,3.4,3.5,4.9,3.5
no_fractura,no_fractura,259_217583201311140285_side.jpg,abajo,5.7,6.3,6.4,6.4
no_fractura,no_fractura,260_261475201908080687_side.jpg,abajo,5.2,8.4,6.1,8.3
no_fractura,no_fractura,261_540266202105110416_front.jpg,abajo,4.9,8.1,3.2,7.8
no_fractura,no_fractura,262_560084202110150158_side.jpg,abajo,5.4,8.4,6.4,8.4
no_fractura,no_fractura,263_261820201412290346_front.jpg,abajo,3.9,7.1,5.9,7.1
no_fractura,no_fractura,264_434852201811170005_front.jpg,abajo,6.1,8.5,3.7,8.4
no_fractura,no_fractura,267_616545202302180840_front.jpg,abajo,5.9,8.5,4.1,8.4
no_fractura,no_fractura,267_616545202302180840_side.jpg,abajo,4.9,8.5,6.1,8.5
no_fractura,no_fractura,268_309387201603010003_front.jpg,abajo,6.4,7.8,7.5,7.3
no_fractura,no_fractura,268_309387201603010003_side.jpg,abajo,5.8,7.4,6.6,7.4
no_fractura,no_fractura,269_558601202110030076_side.jpg,abajo,5.6,8.4,6.5,8.3
no_fractura,no_fractura,270_417791201807210605_front.jpg,abajo,2.7,8.1,4.6,8.4
no_fractura,no_fractura,270_417791201807210605_side.jpg,abajo,3.3,8.6,4.6,8.7
no_fractura,no_fractura,271_571084202201140489_side.jpg,abajo,4.8,8.3,5.6,8.2
no_fractura,no_fractura,272_546697202107050565_front.jpg,abajo,4.5,7.9,6.6,7.7
no_fractura,no_fractura,272_546697202107050565_side.jpg,abajo,4.6,7.5,5.6,7.5
no_fractura,no_fractura,274_524662202012270003_side.jpg,abajo,6.0,8.2,6.9,8.1
no_fractura,no_fractura,275_582536202205120005_front.jpg,abajo,3.7,7.7,5.3,7.7
no_fractura,no_fractura,275_582536202205120005_side.jpg,abajo,3.2,6.8,5.2,6.8
no_fractura,no_fractura,276_622080202303300209_front.jpg,abajo,3.1,8.2,4.7,8.1
no_fractura,no_fractura,276_622080202303300209_side.jpg,abajo,3.3,7.8,4.0,8.0
no_fractura,no_fractura,277_318043201605160462_front.jpg,abajo,0.9,6.7,2.5,6.7
no_fractura,no_fractura,277_318043201605160462_side.jpg,abajo,3.9,7.7,4.7,8.0
no_fractura,no_fractura,278_286725201508080009_front.jpg,abajo,5.8,6.7,6.8,6.8
no_fractura,no_fractura,278_286725201508080009_side.jpg,arriba,4.1,4.5,4.6,4.3
no_fractura,no_fractura,279_516676202401161142_front.jpg,abajo,6.7,8.8,4.0,8.7
no_fractura,no_fractura,279_516676202401161142_side.jpg,abajo,4.8,8.6,6.1,8.6
no_fractura,no_fractura,280_562922202111080273_front.jpg,abajo,4.2,8.1,6.2,8.0
no_fractura,no_fractura,281_562903202111060788_front.jpg,abajo,7.0,8.0,4.7,8.0
no_fractura,no_fractura,281_562903202111060788_side.jpg,abajo,3.6,7.7,5.1,7.8
no_fractura,no_fractura,283_530768202112110600_front.jpg,abajo,9.4,8.2,6.3,8.6
no_fractura,no_fractura,283_530768202112110600_side.jpg,abajo,6.0,8.0,7.5,7.9
no_fractura,no_fractura,284_668609202401290949_front.jpg,abajo,5.9,8.2,4.2,8.2
no_fractura,no_fractura,284_668609202401290949_side.jpg,abajo,5.3,8.1,6.5,7.9
no_fractura,no_fractura,286_634020202306180734_front.jpg,abajo,4.2,9.0,6.4,8.8
no_fractura,no_fractura,286_634020202306180734_side.jpg,abajo,3.3,8.0,4.4,8.4
no_fractura,no_fractura,288_513929202009180513_side.jpg,abajo,3.9,8.1,5.0,8.1
no_fractura,no_fractura,289_360751201705180522_front.jpg,abajo,3.2,9.1,1.8,8.5
no_fractura,no_fractura,290_257737201411230006_front.jpg,abajo,5.8,5.8,7.3,5.7
no_fractura,no_fractura,291_581192202204300777_front.jpg,abajo,5.6,8.1,3.5,8.0
no_fractura,no_fractura,291_581192202204300777_side.jpg,abajo,4.3,8.0,5.4,8.0
no_fractura,no_fractura,293_581016202204280552_side.jpg,abajo,4.4,7.7,5.3,7.7
no_fractura,no_fractura,294_616311202302170091_front.jpg,abajo,3.4,8.7,2.4,8.4
no_fractura,no_fractura,294_616311202302170091_side.jpg,abajo,4.4,8.7,5.4,8.7
no_fractura,no_fractura,296_582399202205110017_front.jpg,abajo,7.6,8.2,5.4,8.3
no_fractura,no_fractura,296_582399202205110017_side.jpg,abajo,5.1,8.1,6.2,8.1
no_fractura,no_fractura,297_270353201912090093_side.jpg,abajo,5.2,9.3,6.4,9.2
no_fractura,no_fractura,298_329786201608190002_front.jpg,abajo,5.8,7.5,7.1,7.0
no_fractura,no_fractura,298_329786201608190002_side.jpg,arriba,5.4,1.8,6.5,2.1
no_fractura,no_fractura,299_419353201807310009_front.jpg,abajo,3.8,7.9,5.9,7.8
no_fractura,no_fractura,299_419353201807310009_side.jpg,arriba,6.9,2.1,7.5,2.5
no_fractura,no_fractura,300_446641201902170579_front.jpg,abajo,5.4,8.3,3.1,8.1
no_fractura,no_fractura,300_446641201902170579_side.jpg,abajo,5.7,8.1,6.6,8.2
no_fractura,no_fractura,302_379998201710120747_front.jpg,abajo,5.6,8.8,7.8,8.5
no_fractura,no_fractura,302_379998201710120747_side.jpg,abajo,3.4,8.1,4.8,8.1
no_fractura,no_fractura,303_428950201810050811_front.jpg,abajo,5.1,8.1,3.4,7.9
no_fractura,no_fractura,304_614893202302050002_front.jpg,abajo,2.8,8.5,5.2,8.4
no_fractura,no_fractura,304_614893202302050002_side.jpg,abajo,3.3,8.3,4.9,8.3
no_fractura,no_fractura,305_290645201509070380_front.jpg,abajo,4.1,7.9,5.2,7.8
no_fractura,no_fractura,306_519489202011090006_side.jpg,abajo,4.0,7.4,5.0,7.6
no_fractura,no_fractura,308_485220201911200283_front.jpg,abajo,2.5,6.8,3.9,7.5
no_fractura,no_fractura,308_485220201911200283_side.jpg,abajo,4.2,7.3,5.4,7.3
no_fractura,no_fractura,309_535529202104010562_front.jpg,abajo,3.0,8.3,1.7,7.8
no_fractura,no_fractura,310_658952202311260207_front.jpg,abajo,6.2,8.9,8.2,8.3
no_fractura,no_fractura,310_658952202311260207_side.jpg,abajo,4.3,8.1,5.3,8.1
no_fractura,no_fractura,311_583467202401140101_front.jpg,abajo,5.7,8.2,7.4,7.9
no_fractura,no_fractura,311_583467202401140101_side.jpg,abajo,4.5,9.0,5.6,9.0
no_fractura,no_fractura,312_284855201507250256_side.jpg,arriba,5.2,2.3,5.9,2.6
no_fractura,no_fractura,313_286853201508090002_front.jpg,der,6.9,1.7,7.6,2.8
no_fractura,no_fractura,314_644740202308210113_front.jpg,abajo,4.2,8.1,5.7,8.1
no_fractura,no_fractura,314_644740202308210113_side.jpg,abajo,5.2,8.2,6.4,8.2
no_fractura,no_fractura,315_474675201909040532_front.jpg,abajo,4.5,9.1,6.7,8.9
no_fractura,no_fractura,315_474675201909040532_side.jpg,abajo,4.8,8.2,5.9,8.2
no_fractura,no_fractura,316_362016201705290608_front.jpg,abajo,4.9,8.1,6.5,7.8
no_fractura,no_fractura,316_362016201705290608_side.jpg,abajo,6.9,8.1,8.0,8.1
no_fractura,no_fractura,321_496956202004040449_side.jpg,abajo,4.5,8.0,5.7,8.0
no_fractura,no_fractura,323_565795202111300645_front.jpg,abajo,6.1,7.6,4.4,7.9
no_fractura,no_fractura,323_565795202111300645_side.jpg,abajo,4.7,9.2,5.7,9.2
no_fractura,no_fractura,325_428342201809300001_front.jpg,abajo,4.0,7.5,3.0,6.9
no_fractura,no_fractura,325_428342201809300001_side.jpg,abajo,3.9,7.7,4.8,7.7
no_fractura,no_fractura,326_302021201512190429_side.jpg,abajo,4.8,7.3,5.5,7.3
no_fractura,no_fractura,327_499409202005060100_side.jpg,abajo,4.0,8.1,5.1,8.1
no_fractura,no_fractura,330_351983201703050451_side.jpg,abajo,5.9,7.7,6.7,7.6
no_fractura,no_fractura,331_511662202304260447_front.jpg,abajo,4.0,8.5,5.9,8.4
no_fractura,no_fractura,331_511662202304260447_side.jpg,abajo,4.3,8.4,5.4,8.4
no_fractura,no_fractura,332_336125201807240938_front.jpg,abajo,5.8,7.6,4.8,7.4
no_fractura,no_fractura,333_385060201711180825_front.jpg,abajo,3.7,7.7,5.9,7.5
no_fractura,no_fractura,334_494702202007250582_front.jpg,abajo,6.4,7.4,4.2,7.4
no_fractura,no_fractura,334_494702202007250582_side.jpg,abajo,5.9,8.9,6.9,8.7
no_fractura,no_fractura,338_261827201412290368_front.jpg,abajo,5.4,8.1,7.0,8.0
no_fractura,no_fractura,338_261827201412290368_side.jpg,abajo,5.9,7.2,6.7,7.1
no_fractura,no_fractura,339_424430201903280648_side.jpg,abajo,4.3,8.5,5.5,8.5
no_fractura,no_fractura,340_585192202209150571_front.jpg,abajo,3.6,8.1,5.3,8.3
no_fractura,no_fractura,340_585192202209150571_side.jpg,abajo,4.1,8.1,5.2,8.1
no_fractura,no_fractura,343_349205201702080507_front.jpg,arriba,3.65,1.5,5.65,1.4
no_fractura,no_fractura,343_349205201702080507_side.jpg,arriba,3.9,2.65,5.3,2.75
no_fractura,no_fractura,344_558151202109280162_front.jpg,abajo,1.5,7.6,3.0,8.05
no_fractura,no_fractura,344_558151202109280162_side.jpg,abajo,5.1,8.8,6.7,8.65
no_fractura,no_fractura,345_544867202106200158_front.jpg,abajo,6.0,8.6,7.35,8.4
no_fractura,no_fractura,345_544867202106200158_side.jpg,abajo,4.4,8.7,6.0,8.5
no_fractura,no_fractura,346_464752201907020436_front.jpg,abajo,4.3,8.4,6.0,8.2
no_fractura,no_fractura,346_464752201907020436_side.jpg,abajo,3.35,8.55,4.6,8.5
no_fractura,no_fractura,351_379412202005260348_side.jpg,abajo,4.1,8.45,5.6,8.4
no_fractura,no_fractura,352_565420202111280007_front.jpg,abajo,3.3,8.5,6.1,8.3
no_fractura,no_fractura,352_565420202111280007_side.jpg,der,8.37,8.4,8.9,7.5
no_fractura,no_fractura,353_528696202101300439_front.jpg,abajo,4.3,8.1,5.8,8.0
no_fractura,no_fractura,357_361374201705230531_front.jpg,abajo,3.4,7.3,5.95,7.2
no_fractura,no_fractura,358_240192201805130010_front.jpg,abajo,1.98,7.95,3.54,8.4
no_fractura,no_fractura,359_535189202103290597_front.jpg,abajo,3.7,8.4,6.0,8.3
no_fractura,no_fractura,359_535189202103290597_side.jpg,abajo,6.15,8.35,7.9,7.97
no_fractura,no_fractura,361_283003201507130193_front.jpg,abajo,2.5,7.9,4.0,7.8
no_fractura,no_fractura,361_283003201507130193_side.jpg,abajo,3.74,6.46,4.6,7.05
no_fractura,no_fractura,362_545034202106210004_front.jpg,abajo,3.8,7.95,5.8,8.0
no_fractura,no_fractura,362_545034202106210004_side.jpg,abajo,5.9,8.45,7.1,8.3
no_fractura,no_fractura,364_219905201312110222_side.jpg,abajo,4.1,8.2,5.4,8.1
no_fractura,no_fractura,368_296002201510260423_front.jpg,arriba,4.07,1.98,5.14,1.7
no_fractura,no_fractura,368_296002201510260423_side.jpg,arriba,4.8,1.98,5.8,1.7
no_fractura,no_fractura,369_394125201801250859_front.jpg,abajo,2.8,8.1,4.9,8.3
no_fractura,no_fractura,369_394125201801250859_side.jpg,abajo,4.75,8.45,6.3,8.35
no_fractura,no_fractura,372_411726201806090771_front.jpg,arriba,6.1,2.1,7.4,2.3
no_fractura,no_fractura,372_411726201806090771_side.jpg,arriba,2.1,2.7,3.15,2.25
no_fractura,no_fractura,375_478049201909280672_side.jpg,abajo,4.25,8.7,5.8,8.6
no_fractura,no_fractura,376_456362201905020006_front.jpg,izq,2.8,5.5,3.5,6.55
no_fractura,no_fractura,377_311371201904170539_front.jpg,abajo,4.0,8.45,5.9,8.3
no_fractura,no_fractura,378_295711201510240018_side.jpg,abajo,5.25,7.0,5.85,6.97
no_fractura,no_fractura,380_465170201907050619_front.jpg,abajo,5.1,9.0,7.8,8.8
no_fractura,no_fractura,381_444177201901260009_front.jpg,abajo,4.2,8.55,6.3,8.6
no_fractura,no_fractura,381_444177201901260009_side.jpg,abajo,5.4,8.8,6.8,8.6
no_fractura,no_fractura,384_345041202301270002_front.jpg,abajo,3.2,8.1,5.35,8.0
no_fractura,no_fractura,389_353566201703190005_front.jpg,abajo,3.2,8.65,5.8,8.8
no_fractura,no_fractura,390_447298201902220526_front.jpg,abajo,4.3,8.95,6.6,8.75
no_fractura,no_fractura,390_447298201902220526_side.jpg,abajo,3.85,8.5,5.6,8.4
no_fractura,no_fractura,391_524398202012230596_front.jpg,abajo,1.5,7.4,3.04,7.95
no_fractura,no_fractura,391_524398202012230596_side.jpg,abajo,7.0,9.0,8.0,8.8
no_fractura,no_fractura,392_544621202106160596_front.jpg,abajo,6.4,7.8,4.5,7.8
no_fractura,no_fractura,392_544621202106160596_side.jpg,abajo,5.3,8.3,6.5,8.1
no_fractura,no_fractura,393_216495201311030233_front.jpg,arriba,3.4,3.0,4.9,3.0
no_fractura,no_fractura,396_674397202403170420_front.jpg,abajo,5.4,7.8,3.9,7.8
no_fractura,no_fractura,396_674397202403170420_side.jpg,abajo,4.4,8.6,5.6,8.6
no_fractura,no_fractura,398_530828202102160260_side.jpg,abajo,4.6,8.8,5.7,8.8
no_fractura,no_fractura,400_267289201502180005_front.jpg,der,4.0,7.4,4.0,5.9
no_fractura,no_fractura,401_515652202010060005_front.jpg,abajo,5.4,7.3,3.4,7.2
no_fractura,no_fractura,401_515652202010060005_side.jpg,abajo,5.3,7.7,6.4,7.6
no_fractura,no_fractura,403_538524202104260651_front.jpg,abajo,4.2,8.2,6.0,8.2
no_fractura,no_fractura,404_615782202302120752_side.jpg,abajo,3.8,8.6,4.9,8.6
no_fractura,no_fractura,408_274898201505020503_side.jpg,abajo,6.0,8.3,7.0,8.3
no_fractura,no_fractura,409_331021201608290105_front.jpg,abajo,2.5,7.5,4.2,7.8
no_fractura,no_fractura,409_331021201608290105_side.jpg,arriba,4.9,2.4,5.8,2.4
no_fractura,no_fractura,410_455545201904240626_front.jpg,abajo,6.2,7.5,4.8,7.4
no_fractura,no_fractura,410_455545201904240626_side.jpg,abajo,4.7,7.2,5.6,7.2
no_fractura,no_fractura,411_274343201504270458_side.jpg,abajo,3.7,7.8,4.8,7.9
no_fractura,no_fractura,413_483905201911100676_front.jpg,abajo,5.9,7.3,4.2,7.3
no_fractura,no_fractura,414_497947202004170466_front.jpg,abajo,4.4,8.1,5.9,8.1
no_fractura,no_fractura,414_497947202004170466_side.jpg,abajo,1.5,7.7,2.4,8.2
no_fractura,no_fractura,415_267533201502220132_front.jpg,der,7.0,4.9,6.8,3.9
no_fractura,no_fractura,416_598061202208300688_front.jpg,abajo,5.6,8.2,3.3,8.2
no_fractura,no_fractura,416_598061202208300688_side.jpg,abajo,4.4,8.3,5.7,8.3
no_fractura,no_fractura,417_592453202207230745_side.jpg,abajo,3.7,8.5,5.0,8.5
no_fractura,no_fractura,420_226690202105170009_front.jpg,abajo,3.6,8.0,5.5,8.0
no_fractura,no_fractura,420_226690202105170009_side.jpg,abajo,2.8,7.3,3.9,7.5
no_fractura,no_fractura,421_409507201805230841_front.jpg,abajo,4.3,7.8,6.1,7.7
no_fractura,no_fractura,421_409507201805230841_side.jpg,abajo,6.8,7.9,7.6,7.9
no_fractura,no_fractura,422_330012201608210008_front.jpg,abajo,7.5,5.7,8.4,5.4
no_fractura,no_fractura,423_288871201508230507_side.jpg,izq,2.6,5.2,2.6,5.9
no_fractura,no_fractura,424_404849201804190383_side.jpg,abajo,4.1,8.4,5.5,8.4
no_fractura,no_fractura,427_476957201909210645_front.jpg,abajo,3.5,7.5,5.4,7.5
no_fractura,no_fractura,427_476957201909210645_side.jpg,abajo,3.4,8.0,4.4,8.1
no_fractura,no_fractura,428_452786201904050005_front.jpg,abajo,2.6,7.8,3.9,8.4
no_fractura,no_fractura,428_452786201904050005_side.jpg,abajo,5.0,8.4,5.9,8.4
no_fractura,no_fractura,430_633914202306180201_front.jpg,abajo,6.8,8.7,8.0,7.9
no_fractura,no_fractura,430_633914202306180201_side.jpg,abajo,5.0,7.8,5.9,7.8
no_fractura,no_fractura,431_617274202302250501_side.jpg,abajo,4.3,7.9,5.3,7.9
no_fractura,no_fractura,432_250958201409230005_front.jpg,der,6.5,7.9,7.0,6.8
no_fractura,no_fractura,433_646461202308300001_front.jpg,abajo,5.4,8.3,7.3,7.9
no_fractura,no_fractura,433_646461202308300001_side.jpg,abajo,2.1,7.9,3.0,8.2
no_fractura,no_fractura,434_481142201910210475_side.jpg,abajo,3.5,8.7,4.9,8.7
no_fractura,no_fractura,439_589021202206300005_front.jpg,abajo,3.4,7.8,5.0,7.8
no_fractura,no_fractura,439_589021202206300005_side.jpg,abajo,4.3,7.9,5.1,7.9
no_fractura,no_fractura,445_565328202111270003_front.jpg,abajo,3.1,8.2,1.3,8.0
no_fractura,no_fractura,447_639477202307230173_side.jpg,abajo,4.1,8.9,5.4,8.8
no_fractura,no_fractura,449_336293201610160200_front.jpg,abajo,6.0,7.6,3.4,7.5
no_fractura,no_fractura,449_336293201610160200_side.jpg,der,7.7,5.4,7.6,6.9
no_fractura,no_fractura,451_374827201912160584_front.jpg,abajo,2.0,7.8,3.7,8.3
no_fractura,no_fractura,451_374827201912160584_side.jpg,abajo,4.2,8.1,5.2,8.1
no_fractura,no_fractura,453_340628201611210356_front.jpg,abajo,5.8,8.3,6.7,7.3
no_fractura,no_fractura,453_340628201611210356_side.jpg,abajo,3.7,7.6,4.7,7.6
no_fractura,no_fractura,455_572914202202010005_front.jpg,abajo,2.5,8.0,4.8,8.0
no_fractura,no_fractura,457_434078202312090013_front.jpg,abajo,4.6,8.4,6.7,8.3
no_fractura,no_fractura,457_434078202312090013_side.jpg,abajo,4.4,8.3,5.6,8.3
no_fractura,no_fractura,458_558738202110040004_front.jpg,abajo,4.9,8.6,6.8,8.3
no_fractura,no_fractura,461_346310202005200428_front.jpg,abajo,4.9,8.6,2.0,8.4
no_fractura,no_fractura,461_346310202005200428_side.jpg,abajo,2.8,8.6,4.0,8.7
no_fractura,no_fractura,462_209748201308070385_front.jpg,abajo,4.4,7.8,5.6,7.6
no_fractura,no_fractura,462_209748201308070385_side.jpg,abajo,3.9,7.1,4.7,7.2
no_fractura,no_fractura,464_313403201604050455_front.jpg,abajo,4.4,7.3,6.2,7.2
no_fractura,no_fractura,464_313403201604050455_side.jpg,abajo,2.7,6.5,3.5,6.7
no_fractura,no_fractura,466_569603202201030006_front.jpg,abajo,5.0,8.2,6.2,7.8
no_fractura,no_fractura,466_569603202201030006_side.jpg,abajo,2.4,7.6,3.3,8.3
no_fractura,no_fractura,467_267980201707290014_front.jpg,abajo,5.1,7.5,3.4,7.3
no_fractura,no_fractura,467_267980201707290014_side.jpg,izq,2.2,4.5,2.3,5.6
no_fractura,no_fractura,471_618841202303070501_front.jpg,abajo,4.8,7.9,6.4,7.6
no_fractura,no_fractura,472_300841201512080410_side.jpg,abajo,4.3,7.3,4.8,7.7
no_fractura,no_fractura,473_510251202008170707_front.jpg,abajo,3.8,8.1,6.0,8.0
no_fractura,no_fractura,473_510251202008170707_side.jpg,abajo,3.3,7.9,4.2,8.1
no_fractura,no_fractura,478_271743201504050258_front.jpg,abajo,2.4,8.2,4.1,8.2
no_fractura,no_fractura,479_201179201304080094_side.jpg,izq,3.4,6.8,3.5,7.7
no_fractura,no_fractura,481_636789202307070365_front.jpg,abajo,5.2,8.5,3.4,8.2
no_fractura,no_fractura,481_636789202307070365_side.jpg,abajo,5.3,8.3,6.2,8.2
no_fractura,no_fractura,485_216172201310300243_front.jpg,arriba,6.7,3.3,4.8,3.1
no_fractura,no_fractura,486_651214202310040006_front.jpg,abajo,4.6,8.6,6.8,8.2
no_fractura,no_fractura,486_651214202310040006_side.jpg,abajo,4.2,8.2,5.1,8.2
no_fractura,no_fractura,487_317594201611030445_front.jpg,abajo,3.8,8.0,5.4,7.6
no_fractura,no_fractura,487_317594201611030445_side.jpg,abajo,3.7,7.5,4.4,7.9
no_fractura,no_fractura,489_294370201510110563_side.jpg,abajo,4.5,8.3,5.0,8.4
no_fractura,no_fractura,490_606405202211130762_front.jpg,abajo,4.7,7.9,6.3,7.8
no_fractura,no_fractura,490_606405202211130762_side.jpg,abajo,4.6,8.2,5.6,8.4
no_fractura,no_fractura,491_153604201903210579_front.jpg,abajo,6.2,7.4,4.2,7.4
no_fractura,no_fractura,491_153604201903210579_side.jpg,abajo,5.6,8.0,6.8,7.9
no_fractura,no_fractura,493_409506201805230843_side.jpg,abajo,2.4,8.7,3.4,8.7
no_fractura,reserva/no_fractura,504_294744201510140471_side.jpg,abajo,8.8,4.0,9.4,4.0
no_fractura,reserva/no_fractura,507_241871201407140006_front.jpg,abajo,4.8,8.3,6.9,8.0
no_fractura,reserva/no_fractura,507_241871201407140006_side.jpg,abajo,3.4,8.2,4.4,8.3
no_fractura,reserva/no_fractura,508_313638201604080002_front.jpg,arriba,4.6,3.7,6.2,3.9
no_fractura,reserva/no_fractura,508_313638201604080002_side.jpg,arriba,2.7,3.0,3.3,2.7
no_fractura,reserva/no_fractura,509_435726201811230003_side.jpg,abajo,6.6,8.8,7.5,8.6
no_fractura,reserva/no_fractura,512_670983202402210653_front.jpg,abajo,3.4,8.8,5.3,8.6
no_fractura,reserva/no_fractura,512_670983202402210653_side.jpg,abajo,3.0,8.6,4.6,8.6
no_fractura,reserva/no_fractura,515_445605202110100866_side.jpg,abajo,4.7,8.7,5.7,8.6
no_fractura,reserva/no_fractura,517_549439202107240660_side.jpg,abajo,5.6,8.5,6.7,8.4
no_fractura,reserva/no_fractura,518_218073201311200164_side.jpg,abajo,4.8,7.8,5.7,7.7
no_fractura,reserva/no_fractura,519_561688202110270556_side.jpg,abajo,3.6,8.3,5.3,8.3
no_fractura,reserva/no_fractura,525_383102201711040731_front.jpg,abajo,3.8,8.0,6.4,7.9
no_fractura,reserva/no_fractura,525_383102201711040731_side.jpg,abajo,4.1,8.5,5.2,8.5
no_fractura,reserva/no_fractura,527_566877202203060503_front.jpg,abajo,4.5,8.3,2.9,8.0
no_fractura,reserva/no_fractura,527_566877202203060503_side.jpg,abajo,4.5,8.6,5.6,8.5
no_fractura,reserva/no_fractura,528_213598201309280366_front.jpg,abajo,4.7,7.3,6.0,6.8
no_fractura,reserva/no_fractura,530_604915202211010641_front.jpg,abajo,4.3,7.8,6.0,7.7
no_fractura,reserva/no_fractura,530_604915202211010641_side.jpg,abajo,3.9,8.0,5.0,8.1
no_fractura,reserva/no_fractura,531_591406202207160703_front.jpg,abajo,4.0,7.7,6.0,7.6
no_fractura,reserva/no_fractura,531_591406202207160703_side.jpg,abajo,4.3,8.2,5.3,8.2
no_fractura,reserva/no_fractura,534_418210202010070569_front.jpg,abajo,3.9,8.4,5.8,8.2
no_fractura,reserva/no_fractura,534_418210202010070569_side.jpg,abajo,5.0,8.1,5.9,8.1
no_fractura,reserva/no_fractura,538_293427201510030076_front.jpg,abajo,4.1,7.8,6.3,7.8
no_fractura,reserva/no_fractura,538_293427201510030076_side.jpg,abajo,5.4,8.0,6.1,7.4
no_fractura,reserva/no_fractura,543_467820201907230002_front.jpg,abajo,4.7,7.9,6.7,7.9
no_fractura,reserva/no_fractura,543_467820201907230002_side.jpg,abajo,1.4,7.4,2.8,7.6
no_fractura,reserva/no_fractura,544_671301202402230731_front.jpg,abajo,3.1,8.3,5.4,8.3
no_fractura,reserva/no_fractura,544_671301202402230731_side.jpg,abajo,3.8,7.7,5.2,7.7
no_fractura,reserva/no_fractura,545_415291201807060005_front.jpg,abajo,3.5,8.0,4.9,8.0
no_fractura,reserva/no_fractura,545_415291201807060005_side.jpg,abajo,3.9,8.8,5.2,8.8
no_fractura,reserva/no_fractura,549_316412201605020445_front.jpg,abajo,5.3,8.4,6.5,8.0
no_fractura,reserva/no_fractura,549_316412201605020445_side.jpg,abajo,1.9,6.8,2.5,7.5
no_fractura,reserva/no_fractura,551_602108202210090630_front.jpg,abajo,4.0,7.9,6.3,7.9
no_fractura,reserva/no_fractura,551_602108202210090630_side.jpg,der,8.2,6.6,7.7,7.4
no_fractura,reserva/no_fractura,556_644080202308151053_front.jpg,abajo,3.7,8.75,5.3,8.7
no_fractura,reserva/no_fractura,556_644080202308151053_side.jpg,abajo,4.0,8.4,5.6,8.4
no_fractura,reserva/no_fractura,558_563321202111090691_side.jpg,abajo,3.35,7.8,4.6,8.1
no_fractura,reserva/no_fractura,561_650075202309250379_front.jpg,abajo,6.5,8.0,8.0,7.5
no_fractura,reserva/no_fractura,561_650075202309250379_side.jpg,abajo,5.15,8.2,6.7,8.1
no_fractura,reserva/no_fractura,563_512771202111160680_front.jpg,abajo,3.8,8.15,5.3,8.1
no_fractura,reserva/no_fractura,565_535273202103300452_front.jpg,izq,1.8,7.0,2.65,8.3
no_fractura,reserva/no_fractura,565_535273202103300452_side.jpg,abajo,5.2,8.7,6.4,8.7
no_fractura,reserva/no_fractura,566_483621201911080595_front.jpg,abajo,3.8,8.5,6.4,8.3
no_fractura,reserva/no_fractura,568_513223202009130188_front.jpg,abajo,3.3,8.85,5.4,8.85
no_fractura,reserva/no_fractura,569_220675201312210314_front.jpg,abajo,4.65,8.4,5.95,8.1
no_fractura,reserva/no_fractura,569_220675201312210314_side.jpg,abajo,4.9,8.65,5.8,8.3
no_fractura,reserva/no_fractura,571_523655202012160535_front.jpg,abajo,4.9,8.35,6.5,8.15
no_fractura,reserva/no_fractura,572_422140201808160822_front.jpg,abajo,3.0,8.2,4.9,8.2
no_fractura,reserva/no_fractura,572_422140201808160822_side.jpg,abajo,4.2,8.65,5.85,8.65
no_fractura,reserva/no_fractura,573_414159201806270810_front.jpg,abajo,4.3,8.75,6.4,8.9
no_fractura,reserva/no_fractura,574_284198201507200320_front.jpg,abajo,5.15,6.15,5.9,6.55
no_fractura,reserva/no_fractura,574_284198201507200320_side.jpg,abajo,4.75,7.2,5.4,6.95
no_fractura,reserva/no_fractura,576_356775201704160005_front.jpg,der,5.85,7.15,6.45,6.5
no_fractura,reserva/no_fractura,576_356775201704160005_side.jpg,abajo,4.55,7.45,6.05,7.45
no_fractura,reserva/no_fractura,579_322604201606250215_side.jpg,abajo,2.9,7.75,4.85,7.75
no_fractura,reserva/no_fractura,584_604295202210290050_front.jpg,abajo,4.3,7.75,6.4,7.75
no_fractura,reserva/no_fractura,584_604295202210290050_side.jpg,abajo,1.9,7.8,3.85,7.8
no_fractura,reserva/no_fractura,585_252271201410050368_front.jpg,abajo,4.5,8.1,6.3,8.1
no_fractura,reserva/no_fractura,585_252271201410050368_side.jpg,abajo,5.1,8.05,6.15,8.0
no_fractura,reserva/no_fractura,590_256083202012270329_front.jpg,abajo,3.9,8.2,5.9,8.1
no_fractura,reserva/no_fractura,590_256083202012270329_side.jpg,abajo,4.45,7.8,5.5,7.8
no_fractura,reserva/no_fractura,595_346727201701140479_front.jpg,abajo,1.8,7.65,3.65,8.15
no_fractura,reserva/no_fractura,597_446652201902170604_front.jpg,abajo,5.35,8.5,6.9,8.1
no_fractura,reserva/no_fractura,597_446652201902170604_side.jpg,abajo,4.95,8.15,6.2,8.1
no_fractura,reserva/no_fractura,599_544233202106130626_side.jpg,abajo,6.45,7.35,7.7,7.65
no_fractura,reserva/no_fractura,600_578603202204100001_front.jpg,abajo,4.9,8.75,6.55,8.2
no_fractura,reserva/no_fractura,601_626055202304250814_front.jpg,abajo,2.6,8.6,6.05,8.5
no_fractura,reserva/no_fractura,601_626055202304250814_side.jpg,abajo,6.4,8.8,7.7,8.45
no_fractura,reserva/no_fractura,602_625420202304210742_front.jpg,abajo,3.25,8.2,5.45,8.05
no_fractura,reserva/no_fractura,603_592439202207230683_front.jpg,abajo,3.6,8.1,5.9,7.95
no_fractura,reserva/no_fractura,603_592439202207230683_side.jpg,abajo,2.8,7.75,4.15,7.75
no_fractura,reserva/no_fractura,604_487061201912030576_front.jpg,izq,1.85,7.0,2.65,7.9
no_fractura,reserva/no_fractura,604_487061201912030576_side.jpg,abajo,4.85,8.25,6.0,8.25
no_fractura,reserva/no_fractura,606_428322201809290714_front.jpg,abajo,4.5,8.35,6.65,8.3
no_fractura,reserva/no_fractura,606_428322201809290714_side.jpg,abajo,3.8,8.15,5.45,8.1
no_fractura,reserva/no_fractura,607_402723201804030862_side.jpg,arriba,3.1,1.6,4.3,1.55
no_fractura,reserva/no_fractura,608_215042201310160269_front.jpg,abajo,3.9,7.5,5.1,7.5
no_fractura,reserva/no_fractura,608_215042201310160269_side.jpg,abajo,4.25,7.5,5.7,7.5
no_fractura,reserva/no_fractura,610_386962201712020812_front.jpg,abajo,4.8,8.55,6.85,8.35
no_fractura,reserva/no_fractura,610_386962201712020812_side.jpg,abajo,1.5,7.55,2.2,8.0
no_fractura,reserva/no_fractura,613_284207202201210214_front.jpg,abajo,3.95,7.8,6.1,7.55
no_fractura,reserva/no_fractura,613_284207202201210214_side.jpg,abajo,2.4,8.2,3.85,8.55
no_fractura,reserva/no_fractura,614_247881201408260328_front.jpg,abajo,4.1,7.85,5.25,8.05
no_fractura,reserva/no_fractura,614_247881201408260328_side.jpg,abajo,4.45,6.6,5.55,6.45
no_fractura,reserva/no_fractura,616_464940201907030622_front.jpg,abajo,2.7,7.65,4.2,7.85
no_fractura,reserva/no_fractura,616_464940201907030622_side.jpg,abajo,4.55,8.15,6.1,8.15
no_fractura,reserva/no_fractura,617_548155202107150637_front.jpg,abajo,4.15,8.45,6.8,8.35
no_fractura,reserva/no_fractura,617_548155202107150637_side.jpg,abajo,3.35,8.5,4.85,8.5
no_fractura,reserva/no_fractura,618_337654201610260004_front.jpg,abajo,3.8,8.8,6.0,8.8
no_fractura,reserva/no_fractura,620_218808201311280321_front.jpg,abajo,3.55,7.9,5.35,8.05
no_fractura,reserva/no_fractura,620_218808201311280321_side.jpg,abajo,5.35,7.8,6.65,7.8
no_fractura,reserva/no_fractura,621_498638202004250539_front.jpg,abajo,3.6,8.15,5.3,8.1
no_fractura,reserva/no_fractura,621_498638202004250539_side.jpg,abajo,2.8,7.35,4.2,7.45
no_fractura,reserva/no_fractura,622_462491201906160010_front.jpg,abajo,4.05,8.1,5.45,7.95
no_fractura,reserva/no_fractura,624_337383201610230509_front.jpg,abajo,5.8,8.2,3.4,8.1
no_fractura,reserva/no_fractura,624_337383201610230509_side.jpg,abajo,4.2,9.0,5.4,9.0
no_fractura,reserva/no_fractura,627_557076202109190472_front.jpg,abajo,2.3,8.2,4.9,8.1
no_fractura,reserva/no_fractura,627_557076202109190472_side.jpg,abajo,2.8,8.1,4.2,8.3
no_fractura,reserva/no_fractura,630_401160201803230856_front.jpg,abajo,6.3,7.5,4.5,7.5
no_fractura,reserva/no_fractura,630_401160201803230856_side.jpg,abajo,4.4,8.4,5.6,8.4
no_fractura,reserva/no_fractura,631_201719201304150372_side.jpg,abajo,1.8,7.9,2.9,7.9
no_fractura,reserva/no_fractura,632_602769202210150012_front.jpg,abajo,6.3,8.0,4.5,8.0
no_fractura,reserva/no_fractura,632_602769202210150012_side.jpg,abajo,5.1,8.0,6.0,8.0
no_fractura,reserva/no_fractura,636_240560201407040137_side.jpg,abajo,2.9,5.4,3.5,5.4
no_fractura,reserva/no_fractura,638_198172201302200196_front.jpg,abajo,6.0,5.0,5.2,6.0
no_fractura,reserva/no_fractura,639_614847202302040556_front.jpg,abajo,3.4,8.2,4.3,8.2
no_fractura,reserva/no_fractura,641_558656202110020212_front.jpg,abajo,8.0,7.9,7.1,8.7
no_fractura,reserva/no_fractura,644_456369201905020009_front.jpg,izq,4.0,8.0,3.4,7.1
no_fractura,reserva/no_fractura,644_456369201905020009_side.jpg,abajo,4.8,8.4,5.6,8.4
no_fractura,reserva/no_fractura,645_657466202311140953_front.jpg,abajo,5.6,9.2,3.8,9.2
no_fractura,reserva/no_fractura,646_500352202005160004_front.jpg,abajo,5.4,8.3,7.3,7.7
no_fractura,reserva/no_fractura,646_500352202005160004_side.jpg,abajo,3.5,8.0,4.5,8.0
no_fractura,reserva/no_fractura,649_321833201606180440_front.jpg,abajo,3.6,7.7,2.6,7.1
no_fractura,reserva/no_fractura,649_321833201606180440_side.jpg,abajo,4.5,8.2,5.7,8.2
no_fractura,reserva/no_fractura,650_615935202302130669_front.jpg,abajo,3.3,8.4,4.9,8.4
no_fractura,reserva/no_fractura,650_615935202302130669_side.jpg,abajo,4.9,8.5,5.9,8.5
no_fractura,reserva/no_fractura,651_197046201301300367_front.jpg,abajo,4.8,7.5,6.2,7.5
no_fractura,reserva/no_fractura,651_197046201301300367_side.jpg,abajo,5.3,7.1,6.1,7.1
no_fractura,reserva/no_fractura,652_465166201907050610_front.jpg,abajo,6.8,7.9,5.5,8.1
no_fractura,reserva/no_fractura,652_465166201907050610_side.jpg,abajo,4.5,8.1,5.6,7.9
no_fractura,reserva/no_fractura,653_607338202211200783_front.jpg,abajo,6.1,8.9,3.8,8.9
no_fractura,reserva/no_fractura,653_607338202211200783_side.jpg,abajo,3.6,8.9,5.0,8.9
no_fractura,reserva/no_fractura,654_297694202005210413_front.jpg,abajo,2.7,8.4,2.1,7.7
no_fractura,reserva/no_fractura,655_512483202009060005_front.jpg,abajo,2.5,8.3,5.1,8.3
no_fractura,reserva/no_fractura,655_512483202009060005_side.jpg,abajo,4.4,8.5,6.1,8.5
no_fractura,reserva/no_fractura,656_422274201808170767_front.jpg,arriba,3.4,2.0,2.0,2.6
no_fractura,reserva/no_fractura,656_422274201808170767_side.jpg,arriba,2.2,1.9,1.4,2.3
no_fractura,reserva/no_fractura,657_534185202103210008_front.jpg,abajo,4.1,8.2,6.1,8.1
no_fractura,reserva/no_fractura,659_580394202204250191_front.jpg,abajo,5.8,7.9,3.9,7.9
no_fractura,reserva/no_fractura,661_630702202305290613_front.jpg,abajo,3.5,7.9,2.4,7.4
no_fractura,reserva/no_fractura,661_630702202305290613_side.jpg,abajo,4.2,8.2,5.2,7.9
no_fractura,reserva/no_fractura,664_443104202204270578_front.jpg,abajo,5.5,8.7,3.6,8.7
no_fractura,reserva/no_fractura,665_429566201810090760_side.jpg,abajo,6.7,8.9,7.8,8.6
no_fractura,reserva/no_fractura,666_558428202109300091_side.jpg,abajo,5.1,9.2,6.1,9.2
no_fractura,reserva/no_fractura,667_360969201705200516_front.jpg,arriba,5.4,2.0,3.4,2.0
no_fractura,reserva/no_fractura,667_360969201705200516_side.jpg,arriba,4.2,2.1,5.3,2.1
no_fractura,reserva/no_fractura,668_378076201709260855_front.jpg,abajo,6.4,7.2,5.2,7.7
no_fractura,reserva/no_fractura,669_458523201905170360_front.jpg,abajo,6.2,7.2,5.4,7.7
no_fractura,reserva/no_fractura,669_458523201905170360_side.jpg,abajo,4.3,7.7,4.9,7.7
no_fractura,reserva/no_fractura,670_249657201409120092_front.jpg,abajo,1.6,7.7,3.8,8.0
no_fractura,reserva/no_fractura,670_249657201409120092_side.jpg,abajo,2.7,7.9,3.8,8.0
no_fractura,reserva/no_fractura,671_441822201901080583_front.jpg,abajo,5.9,8.8,2.5,8.8
no_fractura,reserva/no_fractura,671_441822201901080583_side.jpg,abajo,4.9,9.0,6.8,9.0
no_fractura,reserva/no_fractura,672_358353201704290010_front.jpg,abajo,6.3,7.0,5.4,7.8
no_fractura,reserva/no_fractura,676_498018202004180521_front.jpg,abajo,3.9,8.4,2.1,8.1
no_fractura,reserva/no_fractura,676_498018202004180521_side.jpg,abajo,4.5,6.9,5.4,6.9
no_fractura,reserva/no_fractura,677_426911201809190602_front.jpg,abajo,5.1,6.6,3.4,6.5
no_fractura,reserva/no_fractura,677_426911201809190602_side.jpg,abajo,3.6,6.9,4.6,7.0
no_fractura,reserva/no_fractura,678_613336202301140539_front.jpg,abajo,5.2,9.2,3.7,8.9
no_fractura,reserva/no_fractura,680_613722202301210013_side.jpg,abajo,3.7,8.7,4.9,8.8
no_fractura,reserva/no_fractura,681_405954201804270764_front.jpg,abajo,3.3,8.6,1.5,8.4
no_fractura,reserva/no_fractura,681_405954201804270764_side.jpg,abajo,4.4,9.0,5.7,9.0
no_fractura,reserva/no_fractura,682_674003202403140006_front.jpg,abajo,3.6,8.5,6.2,8.5
no_fractura,reserva/no_fractura,682_674003202403140006_side.jpg,abajo,4.0,8.1,5.2,8.3
no_fractura,reserva/no_fractura,683_403465201804090880_front.jpg,abajo,6.5,8.4,4.4,8.3
no_fractura,reserva/no_fractura,683_403465201804090880_side.jpg,abajo,7.7,8.2,8.6,7.7
no_fractura,reserva/no_fractura,684_519253202011070009_side.jpg,abajo,2.3,7.6,3.0,8.1
no_fractura,reserva/no_fractura,686_185440202309140594_side.jpg,abajo,3.7,8.3,5.1,8.1
no_fractura,reserva/no_fractura,687_591140202207140795_front.jpg,abajo,4.2,8.1,2.5,7.8
no_fractura,reserva/no_fractura,687_591140202207140795_side.jpg,abajo,5.7,8.5,6.8,8.4
no_fractura,reserva/no_fractura,688_577883202204020511_front.jpg,abajo,7.1,7.3,5.4,7.3
no_fractura,reserva/no_fractura,688_577883202204020511_side.jpg,abajo,6.4,6.3,7.1,5.6
no_fractura,reserva/no_fractura,691_464643201907020008_front.jpg,abajo,4.6,7.7,3.2,7.6
no_fractura,reserva/no_fractura,691_464643201907020008_side.jpg,abajo,6.7,7.2,7.5,7.0
no_fractura,reserva/no_fractura,692_558281202109280659_front.jpg,abajo,3.9,8.4,5.9,8.3
no_fractura,reserva/no_fractura,692_558281202109280659_side.jpg,abajo,4.3,7.9,5.5,7.9
no_fractura,reserva/no_fractura,693_429114201810070003_front.jpg,abajo,4.4,6.4,3.1,6.0
no_fractura,reserva/no_fractura,693_429114201810070003_side.jpg,abajo,3.2,7.5,4.5,7.5
no_fractura,reserva/no_fractura,694_315698201604250533_front.jpg,abajo,1.8,7.2,3.1,7.7
no_fractura,reserva/no_fractura,694_315698201604250533_side.jpg,abajo,5.8,6.9,6.5,6.9
no_fractura,reserva/no_fractura,696_419347201807301084_front.jpg,abajo,8.0,8.3,6.5,8.6
no_fractura,reserva/no_fractura,696_419347201807301084_side.jpg,abajo,6.5,8.1,7.4,8.0
no_fractura,reserva/no_fractura,697_239761201406270011_front.jpg,abajo,4.4,6.3,5.9,6.1
no_fractura,reserva/no_fractura,700_573422202202090005_front.jpg,abajo,5.6,8.0,3.9,7.8
no_fractura,reserva/no_fractura,703_644086202308160010_front.jpg,abajo,4.2,7.9,6.0,7.7
no_fractura,reserva/no_fractura,703_644086202308160010_side.jpg,abajo,5.5,8.4,6.8,8.4
no_fractura,reserva/no_fractura,704_302753201512270330_front.jpg,der,7.2,5.2,6.7,6.1
no_fractura,reserva/no_fractura,704_302753201512270330_side.jpg,abajo,3.1,7.5,4.0,7.8
no_fractura,reserva/no_fractura,705_660562202312080271_front.jpg,abajo,4.9,8.0,6.6,7.6
no_fractura,reserva/no_fractura,705_660562202312080271_side.jpg,abajo,4.0,8.1,4.9,8.3
no_fractura,reserva/no_fractura,706_476968201909220004_front.jpg,abajo,2.9,7.2,5.3,7.3
no_fractura,reserva/no_fractura,706_476968201909220004_side.jpg,abajo,6.3,8.7,7.6,8.4
no_fractura,reserva/no_fractura,707_274389202109130233_front.jpg,abajo,4.4,8.6,6.7,8.5
no_fractura,reserva/no_fractura,707_274389202109130233_side.jpg,abajo,3.8,7.9,4.8,7.9
no_fractura,reserva/no_fractura,708_603451202210200580_front.jpg,abajo,6.1,8.1,4.5,8.0
no_fractura,reserva/no_fractura,708_603451202210200580_side.jpg,abajo,3.9,8.8,4.8,8.8
no_fractura,reserva/no_fractura,710_631339202305310700_front.jpg,abajo,3.4,8.7,5.1,8.6
no_fractura,reserva/no_fractura,710_631339202305310700_side.jpg,abajo,4.1,7.8,5.1,7.8
no_fractura,reserva/no_fractura,711_568418202112220526_front.jpg,abajo,4.7,8.8,3.7,8.4
no_fractura,reserva/no_fractura,711_568418202112220526_side.jpg,abajo,5.2,8.7,5.7,8.7
no_fractura,reserva/no_fractura,712_621586202303260767_front.jpg,abajo,5.1,7.6,6.8,7.4
no_fractura,reserva/no_fractura,712_621586202303260767_side.jpg,abajo,4.4,7.6,5.4,7.8
no_fractura,reserva/no_fractura,713_328831201608120378_front.jpg,abajo,4.4,8.1,6.1,7.9
no_fractura,reserva/no_fractura,713_328831201608120378_side.jpg,abajo,4.1,8.2,5.1,8.3
no_fractura,reserva/no_fractura,714_632856202306100818_front.jpg,abajo,5.0,7.9,6.3,7.5
no_fractura,reserva/no_fractura,715_297824201511110414_side.jpg,abajo,4.7,8.0,5.2,7.8
no_fractura,reserva/no_fractura,717_415280201807050776_front.jpg,abajo,6.3,8.6,3.2,8.4
no_fractura,reserva/no_fractura,717_415280201807050776_side.jpg,abajo,4.6,8.6,6.1,8.6
no_fractura,reserva/no_fractura,721_282855201507100503_front.jpg,abajo,3.5,8.35,4.8,8.0
no_fractura,reserva/no_fractura,721_282855201507100503_side.jpg,abajo,4.9,7.0,5.75,6.95
no_fractura,reserva/no_fractura,722_236255201405260372_front.jpg,abajo,5.5,7.0,6.55,6.6
no_fractura,reserva/no_fractura,722_236255201405260372_side.jpg,abajo,4.45,7.4,5.55,7.4
no_fractura,reserva/no_fractura,723_383712201711080653_front.jpg,abajo,2.65,8.25,4.2,8.5
no_fractura,reserva/no_fractura,724_558180202111030093_front.jpg,abajo,3.35,8.0,4.7,8.2
no_fractura,reserva/no_fractura,725_594228202312150907_front.jpg,abajo,2.9,9.05,4.9,9.35
no_fractura,reserva/no_fractura,725_594228202312150907_side.jpg,abajo,3.0,7.45,4.25,7.45
no_fractura,reserva/no_fractura,726_519066202011050007_front.jpg,abajo,6.45,7.3,7.4,6.6
no_fractura,reserva/no_fractura,728_416883201807151102_front.jpg,abajo,2.0,7.95,4.1,8.2
no_fractura,reserva/no_fractura,728_416883201807151102_side.jpg,abajo,4.7,7.8,6.3,7.8
no_fractura,reserva/no_fractura,730_361873201705280434_front.jpg,abajo,2.4,8.55,4.3,8.55
no_fractura,reserva/no_fractura,730_361873201705280434_side.jpg,abajo,3.1,8.1,4.75,8.1
no_fractura,reserva/no_fractura,733_363450201706100513_front.jpg,abajo,4.85,8.5,6.9,8.4
no_fractura,reserva/no_fractura,733_363450201706100513_side.jpg,abajo,5.4,8.85,7.45,8.8
no_fractura,reserva/no_fractura,734_383847201711100001_front.jpg,abajo,1.05,8.75,2.35,9.15
no_fractura,reserva/no_fractura,734_383847201711100001_side.jpg,abajo,6.0,8.65,7.4,8.5
no_fractura,reserva/no_fractura,735_637597202307111056_front.jpg,abajo,4.8,8.25,6.4,7.95
no_fractura,reserva/no_fractura,735_637597202307111056_side.jpg,abajo,6.7,8.0,7.9,7.5
no_fractura,reserva/no_fractura,737_251388201409260392_front.jpg,abajo,5.8,7.8,7.7,7.35
no_fractura,reserva/no_fractura,739_219133201312030221_front.jpg,abajo,3.7,8.05,5.4,7.9
no_fractura,reserva/no_fractura,739_219133201312030221_side.jpg,abajo,2.35,5.75,3.7,6.15
no_fractura,reserva/no_fractura,740_562759202111050352_front.jpg,abajo,0.6,7.75,2.4,8.35
no_fractura,reserva/no_fractura,740_562759202111050352_side.jpg,abajo,3.7,7.5,5.3,7.45
no_fractura,reserva/no_fractura,742_639486202307220003_front.jpg,abajo,4.45,8.5,6.25,8.45
no_fractura,reserva/no_fractura,746_483831202110050232_front.jpg,abajo,4.9,6.2,6.4,5.85
no_fractura,reserva/no_fractura,746_483831202110050232_side.jpg,abajo,3.85,7.9,5.35,7.9
no_fractura,reserva/no_fractura,748_677164202404050676_front.jpg,abajo,2.1,8.0,3.7,8.2
no_fractura,reserva/no_fractura,748_677164202404050676_side.jpg,abajo,3.9,7.6,5.0,7.8
no_fractura,reserva/no_fractura,750_201169201304070259_front.jpg,izq,2.0,6.4,2.9,7.0
no_fractura,reserva/no_fractura,751_406580201805020825_front.jpg,abajo,6.1,7.9,7.3,7.4
no_fractura,reserva/no_fractura,751_406580201805020825_side.jpg,abajo,5.0,8.5,6.0,8.4
no_fractura,reserva/no_fractura,752_516173202010100533_side.jpg,abajo,5.5,8.5,6.9,8.3
no_fractura,reserva/no_fractura,754_312455201603270567_front.jpg,abajo,3.3,8.7,5.7,8.7
no_fractura,reserva/no_fractura,754_312455201603270567_side.jpg,abajo,7.1,8.1,8.0,7.9
no_fractura,reserva/no_fractura,755_349970201702150362_front.jpg,abajo,3.9,8.1,5.6,7.7
no_fractura,reserva/no_fractura,755_349970201702150362_side.jpg,abajo,6.5,8.8,7.5,8.3
no_fractura,reserva/no_fractura,756_363102201706070450_front.jpg,abajo,3.2,6.7,4.1,7.0
no_fractura,reserva/no_fractura,756_363102201706070450_side.jpg,abajo,4.3,8.1,5.5,8.1
no_fractura,reserva/no_fractura,757_497634202206200242_front.jpg,abajo,4.3,8.0,6.6,8.0
no_fractura,reserva/no_fractura,757_497634202206200242_side.jpg,abajo,3.7,8.1,4.9,8.1
no_fractura,reserva/no_fractura,759_336971201702270123_side.jpg,arriba,3.4,2.0,4.3,2.0
no_fractura,reserva/no_fractura,760_557984202109270124_front.jpg,abajo,2.9,7.7,5.0,7.7
no_fractura,reserva/no_fractura,760_557984202109270124_side.jpg,abajo,5.8,8.3,6.9,8.1
no_fractura,reserva/no_fractura,761_212632201309160001_front.jpg,abajo,3.7,8.8,5.9,8.6
no_fractura,reserva/no_fractura,761_212632201309160001_side.jpg,abajo,6.5,8.7,7.8,8.5
no_fractura,reserva/no_fractura,762_425884201809110833_front.jpg,abajo,4.1,9.3,6.5,9.3
no_fractura,reserva/no_fractura,762_425884201809110833_side.jpg,abajo,4.8,8.5,6.0,8.3
no_fractura,reserva/no_fractura,763_256209201504010317_front.jpg,abajo,3.4,6.0,4.2,6.5
no_fractura,reserva/no_fractura,764_202595201304300012_front.jpg,abajo,4.0,7.1,5.8,7.1
no_fractura,reserva/no_fractura,764_202595201304300012_side.jpg,abajo,5.0,7.0,6.8,7.0
no_fractura,reserva/no_fractura,766_276107201505120415_front.jpg,abajo,2.3,8.6,3.9,8.9
no_fractura,reserva/no_fractura,766_276107201505120415_side.jpg,abajo,3.9,8.7,5.5,8.6
no_fractura,reserva/no_fractura,767_211459201310090327_front.jpg,der,7.7,4.4,7.8,5.8
no_fractura,reserva/no_fractura,767_211459201310090327_side.jpg,arriba,7.4,1.9,7.9,2.5
no_fractura,reserva/no_fractura,768_274765201505010423_front.jpg,der,6.1,7.8,6.7,7.1
no_fractura,reserva/no_fractura,768_274765201505010423_side.jpg,abajo,4.4,7.5,5.5,7.5
no_fractura,reserva/no_fractura,769_245634201408090417_front.jpg,abajo,5.8,8.1,7.1,7.5
no_fractura,reserva/no_fractura,770_516055202010090436_front.jpg,abajo,7.4,8.3,8.4,7.6
no_fractura,reserva/no_fractura,770_516055202010090436_side.jpg,abajo,3.4,8.1,4.6,8.2
no_fractura,reserva/no_fractura,771_620729202303200780_front.jpg,abajo,3.7,8.9,6.6,8.9
no_fractura,reserva/no_fractura,771_620729202303200780_side.jpg,abajo,4.4,9.1,5.8,9.1
no_fractura,reserva/no_fractura,772_500102202005120563_front.jpg,abajo,3.0,8.1,4.9,8.1
no_fractura,reserva/no_fractura,772_500102202005120563_side.jpg,abajo,4.5,7.5,5.8,7.4
no_fractura,reserva/no_fractura,773_200795201512060477_front.jpg,abajo,1.9,7.0,3.2,7.2
no_fractura,reserva/no_fractura,776_663555202312280726_front.jpg,abajo,3.9,8.1,6.3,8.1
no_fractura,reserva/no_fractura,777_383580201711080006_side.jpg,abajo,4.9,8.0,6.0,7.9
no_fractura,reserva/no_fractura,779_516793202010150554_front.jpg,abajo,4.4,8.5,7.3,8.5
no_fractura,reserva/no_fractura,779_516793202010150554_side.jpg,abajo,6.9,8.3,7.7,7.9
no_fractura,reserva/no_fractura,780_422040201808160002_front.jpg,abajo,3.0,7.5,4.8,7.9
no_fractura,reserva/no_fractura,780_422040201808160002_side.jpg,abajo,4.9,7.0,6.6,7.0
no_fractura,reserva/no_fractura,781_638138202307150002_side.jpg,abajo,3.5,8.2,4.7,8.2
no_fractura,reserva/no_fractura,782_255946201411060382_front.jpg,arriba,2.7,2.2,5.0,2.1
no_fractura,reserva/no_fractura,782_255946201411060382_side.jpg,abajo,3.8,7.3,5.0,7.5
no_fractura,reserva/no_fractura,783_246121201408130004_side.jpg,abajo,4.6,7.6,5.8,7.7
no_fractura,reserva/no_fractura,785_547922202107140229_front.jpg,abajo,4.4,8.5,6.4,8.3
no_fractura,reserva/no_fractura,785_547922202107140229_side.jpg,abajo,3.7,8.0,5.8,8.0
no_fractura,reserva/no_fractura,787_200034201303200145_front.jpg,abajo,1.4,6.6,2.3,7.4
no_fractura,reserva/no_fractura,787_200034201303200145_side.jpg,abajo,3.8,7.5,4.9,7.6
no_fractura,reserva/no_fractura,788_301677201512170093_front.jpg,abajo,3.7,8.8,5.6,8.8
no_fractura,reserva/no_fractura,788_301677201512170093_side.jpg,abajo,4.0,8.5,5.6,8.5
no_fractura,reserva/no_fractura,791_557945202109260519_front.jpg,abajo,4.4,8.4,6.4,8.3
no_fractura,reserva/no_fractura,791_557945202109260519_side.jpg,abajo,4.3,8.1,5.4,8.1
no_fractura,reserva/no_fractura,792_240924201407070145_front.jpg,abajo,3.9,6.5,5.2,6.5
no_fractura,reserva/no_fractura,793_361501201705240512_front.jpg,abajo,7.5,8.0,8.3,7.3
no_fractura,reserva/no_fractura,793_361501201705240512_side.jpg,abajo,6.7,8.6,7.6,8.2
no_fractura,reserva/no_fractura,794_234598201405120378_front.jpg,abajo,0.5,7.2,1.2,7.4
no_fractura,reserva/no_fractura,795_558600202210040013_front.jpg,abajo,6.1,8.3,7.6,7.8
no_fractura,reserva/no_fractura,795_558600202210040013_side.jpg,abajo,4.4,8.0,5.6,8.0
no_fractura,reserva/no_fractura,796_247437201408220427_front.jpg,abajo,5.9,5.8,6.7,5.4
no_fractura,reserva/no_fractura,797_224651201402050216_front.jpg,abajo,0.4,7.6,1.6,8.1
no_fractura,reserva/no_fractura,797_224651201402050216_side.jpg,abajo,6.0,7.6,6.8,7.6
no_fractura,reserva/no_fractura,798_407649201805100765_front.jpg,abajo,3.2,7.6,5.1,7.8
no_fractura,reserva/no_fractura,798_407649201805100765_side.jpg,izq,2.2,4.9,2.4,6.5
no_fractura,reserva/no_fractura,799_344574201612260446_side.jpg,abajo,4.7,8.7,6.7,8.7
no_fractura,reserva/no_fractura,800_452768201904040490_front.jpg,abajo,3.7,8.9,6.2,8.9
no_fractura,reserva/no_fractura,801_521488202011260568_front.jpg,abajo,3.0,9.1,4.5,9.1
no_fractura,reserva/no_fractura,801_521488202011260568_side.jpg,abajo,5.9,8.6,7.8,8.5
no_fractura,reserva/no_fractura,805_572936202202020001_front.jpg,abajo,6.1,9.0,7.7,8.7
no_fractura,reserva/no_fractura,807_206822201307030008_front.jpg,abajo,3.9,6.5,5.5,6.5
no_fractura,reserva/no_fractura,807_206822201307030008_side.jpg,abajo,4.7,6.5,6.3,6.5
no_fractura,reserva/no_fractura,808_217921201311180327_front.jpg,abajo,3.3,7.3,4.9,7.5
no_fractura,reserva/no_fractura,808_217921201311180327_side.jpg,abajo,5.7,7.7,6.7,7.4
no_fractura,reserva/no_fractura,809_452981201904060594_side.jpg,abajo,5.0,8.7,6.1,8.6
no_fractura,reserva/no_fractura,812_559924202304010885_front.jpg,abajo,4.1,8.0,6.2,8.0
no_fractura,reserva/no_fractura,812_559924202304010885_side.jpg,abajo,3.6,8.3,5.9,8.3
no_fractura,reserva/no_fractura,813_534423202103220507_front.jpg,abajo,5.1,8.1,7.4,8.0
no_fractura,reserva/no_fractura,813_534423202103220507_side.jpg,abajo,4.0,7.8,5.2,7.8
no_fractura,reserva/no_fractura,814_336097201610120293_front.jpg,abajo,3.1,7.0,4.6,7.2
no_fractura,reserva/no_fractura,815_544894202106200003_front.jpg,abajo,4.9,7.7,6.4,7.6
no_fractura,reserva/no_fractura,816_522412202012050573_front.jpg,abajo,3.2,8.1,6.1,8.1
no_fractura,reserva/no_fractura,816_522412202012050573_side.jpg,abajo,6.7,7.6,7.7,7.4
no_fractura,reserva/no_fractura,817_263042201501100422_front.jpg,abajo,4.3,7.9,5.5,7.9
no_fractura,reserva/no_fractura,818_453447201904090603_front.jpg,der,6.6,7.9,7.2,7.2
no_fractura,reserva/no_fractura,818_453447201904090603_side.jpg,abajo,4.0,7.7,5.3,7.9
no_fractura,reserva/no_fractura,820_558825202110050005_front.jpg,abajo,3.4,8.4,6.2,8.4
no_fractura,reserva/no_fractura,820_558825202110050005_side.jpg,abajo,4.6,8.5,6.8,8.5
no_fractura,reserva/no_fractura,821_214396201310090321_front.jpg,izq,3.8,3.7,3.4,5.0
no_fractura,reserva/no_fractura,824_521809202011290701_front.jpg,abajo,3.4,8.5,5.6,8.5
no_fractura,reserva/no_fractura,824_521809202011290701_side.jpg,abajo,5.1,8.5,6.7,8.4
no_fractura,reserva/no_fractura,825_568829202112260635_front.jpg,abajo,4.3,8.5,5.7,8.5
no_fractura,reserva/no_fractura,827_271497201504020421_front.jpg,abajo,3.9,8.9,5.8,9.2
no_fractura,reserva/no_fractura,828_621359202303250279_side.jpg,abajo,5.0,8.8,6.1,8.5
no_fractura,reserva/no_fractura,829_608317202211280374_front.jpg,abajo,4.4,8.7,6.1,8.3
no_fractura,reserva/no_fractura,829_608317202211280374_side.jpg,abajo,4.4,8.6,6.0,8.4
no_fractura,reserva/no_fractura,831_362338201706020002_front.jpg,abajo,2.5,6.7,3.3,7.4
no_fractura,reserva/no_fractura,833_432108201810270860_side.jpg,abajo,3.7,8.0,4.8,8.1
no_fractura,reserva/no_fractura,835_414058201806270006_front.jpg,abajo,3.8,7.4,4.8,7.7
no_fractura,reserva/no_fractura,835_414058201806270006_side.jpg,abajo,4.8,8.2,6.0,8.2
no_fractura,reserva/no_fractura,836_620856202308190697_front.jpg,abajo,6.1,8.7,4.1,8.7
no_fractura,reserva/no_fractura,836_620856202308190697_side.jpg,abajo,5.3,8.9,6.1,8.8
no_fractura,reserva/no_fractura,837_498500202309120876_front.jpg,abajo,4.2,8.5,6.1,8.5
no_fractura,reserva/no_fractura,837_498500202309120876_side.jpg,abajo,3.9,8.9,5.2,8.9
no_fractura,reserva/no_fractura,840_208337202109080579_front.jpg,abajo,3.0,8.0,5.6,8.1
no_fractura,reserva/no_fractura,840_208337202109080579_side.jpg,abajo,3.6,8.3,4.9,8.4
no_fractura,reserva/no_fractura,841_595569202208140002_front.jpg,abajo,6.6,8.6,4.7,8.7
no_fractura,reserva/no_fractura,841_595569202208140002_side.jpg,abajo,5.6,8.3,6.8,8.1
